1,0.68,1.36
1,0.88,1.18
1,0.1,1.21
1,0.67,0.48
1,0.96,0.53
1,0.63,1.01
1,0.15,0.76
1,0.77,0.71
1,0.48,1.14
1,0.86,1.0
1,0.78,0.39
0,0.6,0.15
1,0.18,1.2
1,0.89,0.32
1,1.22,0.0
1,1.38,0.01
1,0.13,1.02
1,0.39,1.47
1,0.6,0.9
1,1.05,1.03
1,0.99,0.42
1,0.39,1.12
0,0.49,0.09
0,0.2,0.43
1,0.13,1.32
1,1.18,1.1
1,1.11,0.64
1,0.64,0.44
1,0.72,0.3
1,1.21,1.25
1,1.05,1.34
1,0.43,0.81
1,1.46,0.59
1,0.63,1.06
1,0.66,0.49
0,0.32,0.47
1,0.65,1.24
1,0.31,0.99
1,0.69,1.35
0,0.38,0.39
1,0.88,0.22
1,1.19,1.22
1,0.12,0.77
1,1.49,0.04
1,1.05,1.26
1,0.87,0.65
1,0.84,0.81
1,1.07,0.23
1,1.05,1.04
1,1.22,1.39
1,0.65,0.52
1,1.24,0.09
1,0.55,1.1
1,1.16,0.36
1,1.2,0.49
1,1.23,0.57
1,1.26,0.6
1,0.76,1.17
1,0.59,1.15
1,1.04,1.46
1,0.82,1.25
1,0.81,0.93
1,1.31,0.27
1,0.75,1.23
0,0.51,0.29
1,1.23,0.6
1,1.22,0.44
1,1.31,0.23
1,1.19,0.04
1,1.41,0.54
1,1.29,1.45
0,0.53,0.25
1,0.68,1.12
1,0.61,0.83
0,0.21,0.59
1,1.12,0.56
1,1.24,1.18
0,0.19,0.49
1,0.63,0.36
1,1.0,1.46
1,1.38,0.38
1,0.6,0.65
1,0.52,0.76
1,0.9,0.74
1,0.82,0.69
0,0.28,0.28
1,1.42,0.58
1,0.22,0.94
1,1.3,1.04
1,0.68,0.42
1,0.36,0.66
0,0.32,0.01
0,0.55,0.18
1,0.54,0.91
1,0.67,0.61
1,0.54,1.36
1,0.55,1.43
1,0.36,0.66
1,0.22,0.7
1,1.12,0.89
1,1.41,1.16
1,1.11,1.44
1,1.25,0.94
0,0.0,0.59
1,1.04,0.53
1,0.23,1.26
1,0.33,0.94
1,0.36,1.4
1,1.42,0.09
0,0.14,0.33
1,1.1,0.31
1,0.74,0.81
1,0.74,0.63
1,0.46,0.98
0,0.44,0.26
1,0.46,0.83
1,0.15,1.44
1,0.38,0.96
1,1.09,0.07
1,1.05,0.3
1,1.38,0.94
1,0.55,0.44
0,0.68,0.14
1,0.96,0.35
1,0.18,0.96
1,0.59,1.33
1,1.28,0.18
1,0.61,0.5
1,0.92,1.37
1,0.82,0.0
0,0.58,0.38
1,1.33,0.94
0,0.38,0.51
1,0.67,1.13
1,0.24,1.34
1,0.16,1.46
1,0.67,0.54
1,1.09,0.33
0,0.2,0.36
1,0.7,0.81
0,0.46,0.52
1,0.99,0.08
1,1.11,1.32
0,0.41,0.37
1,0.0,1.03
1,0.27,0.87
1,1.5,0.09
1,1.11,0.43
1,1.05,0.42
1,0.12,1.37
0,0.49,0.33
1,1.19,0.44
1,1.43,0.53
1,0.42,0.64
1,0.59,1.08
1,0.42,0.71
1,0.5,1.49
1,0.41,1.19
1,1.44,1.01
1,0.69,1.01
0,0.0,0.03
1,1.22,1.3
1,1.36,1.24
1,1.22,0.8
1,0.19,1.07
1,0.88,0.7
1,1.06,0.92
0,0.31,0.58
1,0.32,1.36
1,0.02,1.26
0,0.34,0.18
1,0.38,0.96
1,1.12,0.17
1,1.48,0.9
0,0.44,0.36
1,0.23,0.83
1,1.28,0.12
1,1.42,0.04
1,0.49,0.79
1,0.5,0.85
1,1.25,0.82
0,0.23,0.08
1,0.63,1.08
0,0.59,0.22
1,0.3,1.37
1,1.29,0.39
1,0.41,0.97
1,1.0,0.29
1,0.74,0.52
1,1.18,0.76
1,0.06,1.23
1,1.3,1.1
1,0.4,0.72
1,0.24,1.23
1,1.3,1.3
1,0.8,0.57
1,0.86,1.4
1,1.18,0.72
1,1.15,0.66
1,1.48,0.52
1,0.23,0.76
1,0.99,1.09
1,1.35,1.45
1,0.5,1.48
1,1.48,0.25
0,0.17,0.06
1,1.29,0.15
1,1.48,0.78
1,1.12,1.14
1,0.46,1.35
1,1.2,0.88
0,0.52,0.41
1,1.4,0.7
1,1.2,0.98
1,1.17,0.87
1,1.3,1.09
1,0.54,1.16
1,1.5,0.36
1,1.09,0.8
1,1.43,1.07
0,0.18,0.06
1,0.93,1.14
0,0.02,0.36
0,0.33,0.17
1,0.65,0.92
1,0.92,0.54
1,0.78,1.1
1,0.39,0.59
0,0.3,0.12
1,1.21,1.09
1,0.21,1.47
1,0.88,0.11
1,1.38,0.07
1,1.34,0.82
1,1.18,0.78
1,1.48,0.26
1,0.03,1.31
0,0.57,0.37
1,0.64,1.5
0,0.44,0.49
1,0.98,1.17
1,1.26,0.15
1,0.64,0.82
1,1.18,0.4
1,1.31,0.33
1,1.47,0.69
0,0.39,0.13
1,0.12,0.88
1,1.08,0.98
1,0.15,1.11
1,0.98,1.4
1,0.93,1.38
0,0.16,0.18
1,1.22,0.01
1,0.96,0.42
1,0.17,0.89
0,0.12,0.01
1,1.46,1.36
1,0.86,0.74
1,1.3,0.89
1,1.34,1.15
1,1.03,0.0
1,0.98,1.44
1,1.23,0.74
1,0.32,0.85
1,0.16,1.06
1,1.16,0.08
1,1.0,0.56
1,0.62,1.26
1,1.21,1.22
1,1.42,0.78
1,0.9,0.05
1,0.6,1.11
1,0.14,1.16
1,1.0,1.16
1,0.25,1.37
1,1.49,0.94
1,0.77,0.52
0,0.01,0.43
1,0.73,0.83
1,0.61,0.56
1,0.15,1.34
1,1.49,0.27
0,0.34,0.14
1,0.91,0.09
1,0.26,0.67
1,0.92,0.0
1,1.27,1.12
1,1.33,0.37
1,0.11,1.46
1,0.25,1.06
1,0.86,0.08
1,0.7,0.14
0,0.49,0.46
1,1.41,0.12
1,1.47,1.11
1,0.16,1.34
1,0.41,0.66
1,0.62,0.64
1,1.08,0.62
1,0.49,1.18
1,0.78,0.13
1,1.04,0.32
1,0.68,0.99
1,0.71,1.42
1,1.18,0.7
1,0.69,1.03
1,0.58,0.82
1,0.62,1.48
1,0.92,0.1
1,1.31,1.47
1,0.58,0.92
0,0.44,0.33
1,0.6,1.48
1,0.73,1.46
0,0.28,0.36
1,1.23,1.34
1,1.36,0.77
1,1.25,0.42
1,0.85,1.29
1,0.31,1.29
1,1.13,0.48
1,0.85,0.87
1,0.86,0.37
1,0.1,1.17
0,0.34,0.05
0,0.05,0.21
1,0.64,1.01
1,1.22,1.46
1,0.6,1.31
1,0.81,0.53
1,1.45,1.14
1,1.46,0.21
1,0.53,1.34
1,0.45,1.33
1,1.38,0.65
1,1.19,0.29
1,1.41,0.14
1,0.37,1.34
1,0.56,0.47
1,1.47,0.19
1,1.05,0.03
0,0.64,0.27
1,0.26,1.3
1,1.45,0.65
1,0.04,0.91
1,1.27,1.28
1,0.87,0.13
1,0.47,0.67
1,1.38,0.64
1,0.04,1.17
1,0.72,0.94
1,0.09,0.73
0,0.58,0.22
0,0.22,0.27
1,0.35,0.76
0,0.54,0.25
1,1.04,0.85
1,1.0,0.82
1,0.6,1.19
1,0.67,1.49
1,0.21,0.75
0,0.21,0.17
0,0.12,0.03
0,0.17,0.5
1,0.43,0.63
0,0.01,0.23
1,0.91,0.15
0,0.35,0.21
1,0.98,1.06
1,1.27,0.66
1,1.33,1.34
1,1.01,0.18
1,1.17,0.15
0,0.46,0.14
1,0.58,1.11
1,0.96,0.39
0,0.13,0.41
1,0.01,1.33
1,0.63,1.26
1,1.34,1.48
0,0.07,0.34
1,0.98,0.3
0,0.62,0.05
1,1.2,0.0
1,1.17,0.12
1,1.13,1.43
1,1.26,0.6
1,1.27,0.9
1,1.24,1.18
1,0.87,0.83
1,0.84,0.13
0,0.38,0.4
1,0.96,1.0
1,1.49,0.34
1,0.87,0.83
1,1.38,1.46
1,0.05,1.47
1,1.35,0.67
1,0.46,1.02
1,0.7,0.35
1,1.25,0.64
1,0.36,1.1
1,0.09,1.2
1,0.25,1.39
1,1.01,0.36
1,1.46,0.85
1,1.29,1.17
1,1.15,0.01
1,0.25,0.93
1,0.24,1.47
1,1.45,0.91
1,1.12,0.61
1,0.55,1.15
1,0.63,0.55
0,0.56,0.15
1,1.38,0.39
1,0.12,1.39
1,0.51,1.42
1,1.29,0.34
1,1.04,0.7
1,1.04,0.27
1,0.88,1.33
1,1.14,0.68
1,0.77,0.35
1,0.92,0.68
1,0.99,1.07
1,0.72,0.26
1,0.95,0.73
1,0.4,1.15
1,1.45,0.68
1,1.32,0.34
1,0.07,0.81
1,0.64,0.46
1,0.99,0.34
1,0.65,0.79
1,0.96,0.08
1,1.13,0.39
1,1.45,0.64
1,1.3,0.66
1,1.08,0.69
1,1.19,0.26
1,0.69,0.16
1,1.26,1.36
1,1.24,0.29
1,1.11,1.38
1,0.44,1.4
1,1.46,0.22
1,0.07,0.89
1,1.01,0.48
0,0.22,0.5
1,0.79,1.3
1,0.59,1.26
1,1.25,1.36
1,1.26,0.09
1,0.97,0.39
0,0.22,0.02
1,0.95,0.56
1,0.9,0.78
0,0.22,0.29
1,1.11,0.66
1,0.13,1.21
1,1.44,1.3
1,1.03,0.48
1,0.95,1.28
1,1.23,0.79
1,1.47,0.98
1,1.3,1.07
0,0.05,0.53
0,0.11,0.57
1,1.21,0.98
1,1.36,1.39
1,1.45,1.33
1,1.44,0.75
1,0.8,0.92
1,1.41,0.28
0,0.64,0.17
1,1.27,0.67
1,0.91,0.37
1,0.94,0.46
1,0.57,1.34
1,0.65,1.37
1,1.49,0.73
1,0.45,1.34
1,0.13,1.01
1,1.03,0.05
1,1.47,1.16
1,1.28,0.21
1,0.4,0.87
0,0.49,0.45
1,0.15,1.13
1,0.93,0.11
1,0.38,1.5
1,1.07,0.13
1,0.77,1.47
1,1.48,1.01
1,0.06,1.03
1,1.4,0.44
1,0.04,1.17
1,0.39,1.05
1,0.97,0.34
1,1.16,0.67
1,1.3,0.99
1,0.33,1.1
1,1.04,0.15
1,1.0,0.87
1,0.79,1.18
1,0.9,0.59
1,0.32,0.96
1,0.96,0.83
1,0.35,1.14
1,0.82,1.32
0,0.34,0.06
0,0.45,0.08
1,0.81,0.61
1,0.13,1.44
1,0.97,1.2
1,1.48,0.44
1,1.1,0.06
1,0.71,0.64
1,0.4,1.17
1,0.63,0.92
1,1.16,0.91
1,0.79,0.51
0,0.08,0.67
1,1.49,0.77
1,0.42,0.96
1,1.15,0.16
0,0.5,0.05
1,1.13,0.3
1,0.49,1.3
1,0.38,0.81
1,0.12,0.72
1,1.34,1.37
1,1.18,0.19
1,0.2,1.39
1,0.99,0.25
1,0.67,1.38
1,1.16,0.81
1,0.76,1.27
0,0.12,0.64
1,1.06,0.98
1,0.24,0.79
1,1.45,0.36
1,0.34,1.26
1,0.67,0.25
1,1.03,1.24
0,0.47,0.35
0,0.22,0.27
1,0.36,1.47
1,1.42,0.01
0,0.51,0.28
1,1.39,0.63
0,0.01,0.26
1,1.06,1.48
1,1.0,0.27
1,0.7,0.96
1,1.17,1.15
1,0.91,1.43
1,1.24,1.12
1,1.36,0.64
1,0.76,0.75
1,1.21,0.24
0,0.18,0.67
1,0.22,1.24
0,0.07,0.05
1,0.31,1.15
0,0.37,0.36
1,1.41,1.24
1,0.56,0.72
1,0.76,1.31
1,0.36,1.19
1,0.69,1.17
1,1.16,0.68
1,1.17,0.58
1,0.69,1.27
1,1.48,0.38
1,1.02,1.38
1,1.16,0.54
1,1.17,0.63
1,0.41,1.31
1,0.92,0.98
1,0.37,1.01
1,1.28,1.48
1,1.23,0.94
1,0.85,0.95
1,0.83,0.48
0,0.39,0.03
1,0.49,1.43
0,0.26,0.33
1,0.89,0.85
1,0.9,0.71
1,1.06,0.75
1,0.39,0.68
0,0.12,0.62
1,1.15,0.79
0,0.1,0.43
1,0.69,0.98
1,1.3,0.6
1,0.74,1.3
1,0.39,1.28
1,1.42,0.52
0,0.27,0.27
1,1.03,0.68
1,1.41,0.72
1,1.34,0.84
0,0.31,0.28
1,0.82,0.34
1,1.42,0.16
1,1.4,0.81
1,0.19,1.13
1,0.94,0.03
1,0.8,1.32
1,1.37,1.4
1,0.14,1.36
1,0.25,0.78
1,0.27,0.71
1,1.14,0.98
1,0.83,0.69
0,0.44,0.51
1,1.48,0.09
1,0.93,0.19
1,0.73,0.74
1,1.14,0.29
1,1.07,0.39
1,0.59,0.72
1,1.26,0.41
1,0.84,1.03
1,0.76,1.42
1,0.69,0.95
1,1.31,1.04
1,1.06,0.02
1,1.38,0.66
1,0.7,1.4
1,1.3,0.3
1,1.13,1.46
0,0.46,0.15
0,0.15,0.18
1,0.52,1.29
1,0.73,1.17
1,0.84,1.35
1,1.01,1.15
1,1.28,0.59
1,1.4,0.29
1,1.04,1.04
1,0.28,1.38
1,1.38,1.34
1,0.23,1.02
0,0.14,0.2
1,1.26,1.08
0,0.5,0.45
0,0.01,0.07
0,0.29,0.07
1,0.69,1.16
1,1.41,1.48
1,0.19,0.68
1,1.31,0.5
1,1.39,0.11
0,0.61,0.33
1,1.32,0.05
1,0.67,0.77
1,0.76,0.3
1,0.89,0.71
1,1.43,1.42
1,0.89,0.6
1,0.52,0.66
1,0.75,0.5
1,0.99,1.08
1,0.44,1.06
1,1.21,0.37
1,1.08,1.0
1,0.8,0.73
1,0.74,0.35
1,1.48,0.2
1,0.16,1.08
1,1.18,1.31
1,1.34,0.59
0,0.04,0.03
1,1.43,0.14
1,1.19,0.1
1,0.59,1.16
1,0.97,0.14
1,1.25,0.55
1,1.11,1.41
1,0.85,0.1
1,0.83,0.4
1,1.41,0.71
1,1.48,0.93
1,1.13,1.13
1,0.4,1.37
1,1.32,0.6
1,0.95,0.83
1,0.67,0.31
1,0.05,0.97
1,1.48,0.65
1,0.94,0.73
1,0.92,0.46
1,1.09,0.22
1,0.09,0.98
0,0.1,0.09
1,1.02,0.95
1,1.36,0.26
1,1.37,0.83
0,0.05,0.38
1,0.96,1.0
1,0.7,0.26
0,0.13,0.19
1,1.01,0.83
1,0.06,0.97
1,1.13,0.52
1,0.56,0.87
0,0.32,0.22
1,0.69,0.67
1,1.14,0.76
0,0.07,0.54
1,1.14,1.25
1,1.32,1.13
1,0.73,0.89
0,0.68,0.02
1,0.3,1.0
1,1.4,0.18
1,0.17,1.47
1,0.39,0.61
1,0.85,0.56
1,0.48,0.51
1,1.3,0.78
1,0.79,0.38
1,0.51,0.49
1,0.39,0.59
0,0.12,0.5
1,0.76,1.33
0,0.3,0.16
1,0.55,0.45
1,0.88,0.96
1,0.16,1.13
1,1.38,0.09
1,0.55,0.75
1,0.87,0.13
1,0.58,1.34
1,0.4,0.97
1,1.49,0.66
0,0.4,0.02
1,0.84,0.49
1,1.39,1.27
1,0.52,1.07
1,0.66,0.72
1,0.33,1.19
1,0.98,0.15
0,0.23,0.59
1,0.79,1.26
1,1.28,1.11
1,1.44,0.72
1,0.52,1.02
0,0.2,0.27
1,0.94,1.0
1,0.93,0.78
1,1.09,0.52
1,1.14,0.4
1,0.39,0.6
0,0.54,0.4
1,0.93,0.62
1,0.36,0.74
1,0.31,1.02
1,1.39,0.8
1,1.46,1.13
1,1.22,1.16
1,1.1,0.27
1,1.04,0.2
1,0.41,0.74
1,0.38,1.12
0,0.28,0.15
1,1.21,0.87
1,0.22,1.18
1,1.46,0.53
1,1.15,0.68
1,0.57,1.37
1,0.78,1.34
0,0.44,0.52
1,1.08,0.68
0,0.48,0.49
0,0.17,0.56
1,0.89,1.18
1,0.66,1.07
1,1.46,1.16
0,0.61,0.24
1,1.34,0.27
1,1.21,0.01
1,1.39,0.36
1,1.35,0.93
0,0.34,0.0
1,1.36,1.02
1,0.96,0.42
1,0.43,0.69
1,0.56,0.5
1,0.68,0.44
1,1.19,1.44
1,1.45,1.46
1,0.81,0.9
0,0.33,0.47
1,0.75,0.59
1,1.01,0.9
1,1.11,0.35
1,1.49,0.77
1,0.14,1.15
1,1.06,0.53
1,0.44,0.66
1,0.03,1.0
1,1.34,0.44
1,0.72,0.48
0,0.03,0.45
1,0.77,0.39
1,0.69,1.14
1,0.41,1.31
1,1.47,0.11
0,0.12,0.01
1,1.07,0.67
1,0.19,1.13
1,1.23,0.22
1,0.68,0.99
1,0.18,1.08
1,0.6,0.6
1,1.23,0.68
1,0.68,0.29
1,0.78,1.16
1,0.83,1.14
1,0.72,0.73
1,0.34,0.71
0,0.24,0.28
0,0.32,0.28
1,1.14,0.09
0,0.56,0.14
1,0.92,0.12
1,0.88,1.13
1,1.47,1.41
1,0.46,1.32
1,1.28,0.8
1,0.5,0.77
1,0.98,0.14
1,0.75,0.02
1,1.13,0.75
1,1.29,1.04
1,1.29,0.27
1,1.41,0.96
1,0.38,0.77
1,0.32,0.67
0,0.23,0.59
1,0.76,0.62
0,0.03,0.06
0,0.45,0.37
1,1.18,0.88
1,0.66,0.9
0,0.11,0.29
1,0.58,1.47
1,1.41,0.85
0,0.24,0.49
1,0.21,1.36
0,0.01,0.29
1,0.06,0.86
1,0.61,1.18
1,0.61,1.38
1,0.72,0.13
1,0.7,0.03
1,1.2,0.73
1,0.1,1.35
1,1.21,0.7
1,1.17,0.21
1,0.02,0.73
1,0.92,1.36
1,0.79,0.64
1,0.86,0.48
1,0.64,0.76
1,0.26,1.32
1,0.72,1.39
1,0.36,0.91
1,0.64,0.94
1,0.97,0.45
1,1.28,0.51
1,0.84,1.04
1,1.37,1.28
0,0.5,0.46
1,0.84,0.09
1,0.91,0.23
1,1.02,0.72
1,1.1,0.02
1,0.02,0.71
1,0.45,1.1
1,1.23,0.22
1,0.98,0.83
1,0.75,0.04
1,0.72,0.75
1,0.43,0.91
1,1.32,1.2
1,0.55,0.64
1,1.19,1.01
1,0.72,1.4
1,1.21,0.08
1,0.19,1.0
1,0.74,0.33
1,0.39,1.08
0,0.36,0.04
1,1.03,0.58
1,0.48,1.17
1,0.08,1.29
1,0.09,1.02
1,0.62,0.5
0,0.5,0.06
1,0.64,0.86
1,1.25,0.34
1,0.22,1.45
1,1.38,0.12
1,0.45,0.98
1,0.99,0.86
0,0.01,0.02
1,0.58,0.45
1,1.31,0.44
1,0.28,1.03
0,0.03,0.54
1,1.27,1.42
1,1.13,0.24
1,1.46,0.86
1,1.44,0.61
1,0.63,0.45
1,0.46,0.54
1,1.49,0.24
1,0.8,1.26
1,1.37,0.9
1,0.74,0.43
1,0.03,1.5
0,0.2,0.46
1,0.71,0.91
1,0.83,1.15
1,0.02,1.0
1,1.25,0.4
1,0.44,0.73
1,1.32,0.16
1,0.6,1.35
1,0.05,0.98
1,0.35,1.29
1,0.72,1.34
1,1.21,0.59
1,0.51,0.83
0,0.14,0.25
1,0.94,0.06
1,1.41,0.4
1,0.59,0.97
1,0.75,1.1
1,0.65,1.09
1,0.77,1.42
1,0.71,0.0
1,0.73,0.28
1,0.8,1.2
1,1.22,0.29
1,0.13,1.15
1,0.8,0.21
1,0.59,1.32
0,0.38,0.34
1,0.9,0.32
1,0.43,0.87
1,0.77,0.38
1,0.78,0.73
1,0.91,0.2
1,1.1,1.08
1,0.77,0.36
1,1.34,0.15
0,0.02,0.65
1,1.17,1.05
1,1.5,0.38
1,1.1,0.71
1,0.56,0.99
0,0.65,0.17
1,1.48,0.78
1,1.0,0.3
1,0.87,1.36
0,0.29,0.42
1,0.9,1.42
1,0.43,0.82
0,0.51,0.42
1,0.94,0.27
1,0.99,0.18
1,1.32,0.33
1,0.77,1.43
1,0.6,0.67
1,0.91,1.3
1,0.94,0.17
1,0.52,1.49
0,0.29,0.31
1,1.06,0.2
1,1.02,0.73
1,0.95,0.44
1,0.93,0.28
0,0.2,0.5
1,0.2,0.73
1,0.72,1.19
1,1.31,0.18
1,0.53,1.29
1,0.81,0.48
1,0.81,0.42
1,0.54,1.39
1,1.35,0.27
1,1.17,0.54
0,0.01,0.06
1,0.93,0.84
0,0.08,0.62
0,0.15,0.41
1,0.61,0.78
1,1.28,0.58
1,0.07,1.31
0,0.08,0.08
1,0.55,0.85
1,0.54,0.83
1,0.46,1.2
1,0.98,0.3
1,0.73,0.32
0,0.08,0.29
0,0.4,0.39
1,1.09,0.77
1,0.62,0.53
1,1.47,1.31
1,0.85,1.43
1,0.89,1.42
1,0.98,1.34
0,0.18,0.25
1,0.98,0.4
1,0.77,0.63
0,0.35,0.3
1,1.07,0.64
1,0.64,0.4
1,0.67,1.37
0,0.39,0.01
1,0.13,1.49
0,0.08,0.05
1,1.29,0.11
1,1.45,1.48
1,0.7,0.84
1,0.62,0.99
1,0.78,1.38
0,0.57,0.05
1,0.7,0.41
1,1.05,0.78
1,1.32,0.16
1,1.43,1.48
1,1.22,0.8
1,0.48,1.13
1,1.4,0.65
1,1.24,1.43
0,0.57,0.2
1,0.8,0.33
0,0.05,0.01
1,0.8,0.57
0,0.6,0.16
0,0.24,0.09
1,1.09,1.06
1,1.37,0.51
1,0.4,0.59
1,0.89,1.41
1,0.65,0.99
1,1.18,1.08
1,0.77,0.33
1,1.06,0.12
1,0.89,0.03
1,0.33,0.79
1,0.87,1.29
1,1.35,1.23
1,1.38,0.9
1,0.7,1.37
1,0.57,0.66
1,1.39,0.47
0,0.39,0.47
1,0.0,0.73
1,0.22,1.23
1,1.34,0.14
1,1.13,0.73
1,0.71,1.49
1,1.19,0.63
1,1.11,0.61
1,0.72,1.5
1,0.43,0.56
1,1.18,0.75
1,0.3,0.67
1,1.08,0.31
1,0.66,0.43
1,0.96,1.01
1,0.88,1.07
0,0.18,0.61
1,0.07,1.02
1,1.09,0.77
1,0.58,0.87
1,1.16,1.11
0,0.12,0.1
1,0.41,0.94
1,1.36,0.29
1,0.2,0.94
1,0.68,1.05
1,0.81,0.13
1,1.43,0.92
0,0.57,0.12
0,0.33,0.22
1,0.62,1.14
1,0.62,0.35
1,1.43,0.56
1,0.6,1.27
1,0.89,1.03
1,0.31,0.92
1,0.39,1.03
0,0.65,0.21
1,1.41,0.73
1,1.44,0.46
0,0.41,0.42
1,0.32,0.94
1,1.27,0.17
0,0.49,0.01
1,0.37,1.32
1,1.24,1.28
1,0.71,0.11
0,0.54,0.17
1,1.07,0.78
1,1.11,0.91
1,0.13,0.9
1,1.46,1.03
1,0.91,0.05
1,1.48,0.74
1,1.18,0.3
1,0.02,1.02
1,0.9,0.54
1,0.6,1.27
0,0.19,0.6
1,1.43,1.1
1,0.46,1.15
1,0.05,1.42
1,1.36,1.01
1,1.3,0.49
1,0.6,0.5
1,1.32,0.99
1,0.45,1.43
1,0.3,1.37
0,0.11,0.1
0,0.28,0.24
1,1.23,0.14
1,0.82,0.27
1,0.69,1.01
1,0.65,0.29
1,1.29,1.14
1,0.18,1.06
1,0.81,0.42
0,0.08,0.3
0,0.24,0.16
1,1.32,1.11
1,0.05,1.04
1,1.26,1.11
1,0.94,0.34
1,0.88,0.66
1,1.43,0.9
1,0.43,1.47
1,0.69,0.2
1,1.44,1.2
1,1.15,0.13
0,0.01,0.32
1,1.17,0.21
1,0.87,1.22
1,1.0,0.97
1,0.77,1.47
1,1.17,0.71
1,0.98,1.27
1,0.22,1.1
1,0.79,0.22
1,1.22,0.45
0,0.22,0.66
0,0.17,0.18
0,0.64,0.07
0,0.35,0.52
1,1.22,1.31
1,0.71,1.34
1,0.7,0.25
0,0.25,0.6
1,0.97,0.49
1,1.03,0.89
1,0.64,1.11
1,0.97,0.26
1,0.93,0.35
1,1.31,0.59
1,0.08,0.97
1,1.18,0.21
1,0.83,0.12
1,0.19,0.72
1,1.04,1.4
1,1.01,0.65
1,0.99,0.66
1,0.45,1.45
1,0.94,0.01
0,0.15,0.36
1,1.12,1.23
1,0.98,0.78
1,0.09,0.98
0,0.32,0.28
1,1.14,0.25
1,0.83,0.54
1,0.14,1.31
1,0.56,0.69
1,0.15,1.28
1,0.68,0.77
1,0.68,0.69
1,1.17,0.26
1,0.17,1.46
1,1.28,0.86
1,0.1,1.02
1,0.68,0.56
1,0.79,1.29
1,0.75,0.51
1,1.02,0.05
1,1.34,1.44
1,1.35,0.82
1,0.75,1.3
1,0.68,1.35
1,0.67,1.36
0,0.61,0.21
1,0.9,0.14
1,1.08,1.29
0,0.41,0.45
1,1.06,0.08
1,0.57,1.39
1,0.74,1.47
0,0.29,0.35
1,0.65,1.22
1,1.09,0.49
1,1.19,1.24
1,1.04,0.27
1,1.25,0.22
1,0.44,0.63
1,0.21,1.27
1,0.66,0.93
0,0.19,0.28
1,0.51,0.62
0,0.02,0.54
1,0.32,1.1
1,0.89,1.33
0,0.12,0.1
1,1.38,0.1
1,1.01,0.98
1,0.16,1.3
0,0.25,0.36
1,0.83,1.41
1,1.13,0.06
1,1.37,0.39
0,0.12,0.13
1,1.28,1.43
1,0.8,0.93
0,0.06,0.6
0,0.43,0.52
0,0.16,0.21
1,1.04,0.96
1,0.95,0.01
1,0.83,0.89
1,0.57,1.21
1,0.79,0.98
1,0.93,0.36
1,0.06,1.39
0,0.14,0.35
1,0.9,0.52
1,1.43,1.29
1,1.0,1.26
1,0.87,0.82
0,0.47,0.51
1,0.94,1.21
0,0.5,0.02
1,1.28,0.08
1,1.48,0.57
1,1.3,1.31
1,0.16,1.08
1,1.26,1.16
1,1.4,0.63
1,1.12,0.84
0,0.48,0.01
0,0.59,0.02
1,0.92,0.3
1,0.86,0.7
1,1.3,0.92
1,0.55,1.29
1,1.25,0.69
1,0.37,0.92
0,0.53,0.33
1,1.2,0.21
1,1.28,0.11
0,0.05,0.45
1,1.23,0.62
1,1.23,0.19
1,0.14,1.08
1,0.88,1.26
1,0.79,1.24
0,0.34,0.24
1,0.8,1.45
1,0.89,0.35
1,1.2,1.11
1,0.11,1.13
1,0.85,0.5
1,0.77,0.11
1,1.15,0.8
1,1.45,0.06
1,0.2,1.2
1,0.97,0.5
1,0.22,0.72
0,0.02,0.03
1,1.26,0.83
1,1.0,0.88
1,0.64,0.54
1,1.09,0.82
1,1.03,0.73
1,1.29,0.94
1,0.97,1.48
0,0.21,0.33
1,1.43,1.19
1,0.71,1.42
1,1.02,1.18
0,0.38,0.58
1,0.6,0.73
1,0.29,0.98
1,0.45,0.77
1,0.66,0.65
1,0.75,0.24
1,0.76,0.22
1,1.11,1.33
1,0.48,0.65
1,0.93,0.58
1,1.48,0.71
1,1.29,1.03
0,0.44,0.52
0,0.43,0.34
1,1.01,0.22
1,0.86,1.37
1,1.34,1.01
1,1.08,0.96
1,1.15,0.24
0,0.35,0.41
1,0.54,0.69
1,1.03,1.47
0,0.62,0.16
0,0.09,0.62
1,1.27,0.14
0,0.36,0.32
1,0.64,1.35
1,1.26,0.84
1,1.11,0.01
1,0.03,1.32
0,0.22,0.13
1,1.25,0.86
1,0.8,0.14
1,0.72,0.41
1,0.53,0.5
1,1.35,1.4
0,0.5,0.01
1,0.35,0.69
0,0.56,0.4
1,0.08,0.89
0,0.16,0.66
1,1.18,1.13
0,0.54,0.29
1,0.58,0.66
1,1.44,0.85
1,0.83,0.92
0,0.01,0.5
1,1.05,0.21
0,0.33,0.05
0,0.44,0.33
1,1.34,1.12
1,0.03,0.94
1,1.17,0.28
1,0.95,0.24
1,0.61,1.31
1,1.48,0.5
1,0.82,1.21
0,0.35,0.46
1,0.19,1.23
1,1.01,1.26
1,1.48,0.4
1,1.48,0.48
1,1.23,0.98
1,1.22,0.36
1,0.73,0.74
1,0.7,0.78
1,1.41,1.02
1,0.87,0.59
1,0.01,0.9
1,0.86,1.27
1,1.26,1.44
1,0.02,0.95
1,1.22,0.43
1,1.23,0.58
1,1.05,0.18
1,0.02,1.35
1,1.02,0.28
1,0.74,0.87
1,1.36,0.7
1,1.38,0.34
0,0.3,0.2
1,1.37,1.36
1,0.79,0.81
1,1.26,0.44
1,1.02,1.05
0,0.45,0.37
1,0.57,1.43
0,0.23,0.5
0,0.48,0.45
1,0.09,0.94
1,1.45,1.06
1,1.27,0.62
0,0.46,0.18
1,0.47,1.33
1,1.48,0.02
1,1.26,0.02
0,0.1,0.54
1,1.4,0.18
1,0.51,1.47
0,0.47,0.48
1,1.16,0.99
1,0.76,0.77
0,0.54,0.38
1,1.34,1.05
1,0.96,1.34
1,1.01,0.68
1,0.7,0.03
1,0.41,0.64
1,1.25,0.28
0,0.31,0.45
1,1.27,0.6
1,0.9,0.2
1,1.44,0.01
1,0.5,0.89
1,0.87,0.24
1,1.29,1.09
0,0.32,0.04
1,0.19,0.73
1,0.78,1.28
0,0.51,0.46
0,0.35,0.6
1,0.05,1.18
1,0.94,0.1
0,0.25,0.13
1,1.14,0.33
0,0.44,0.33
1,0.88,0.47
1,1.12,0.97
1,1.48,0.36
1,0.34,1.19
1,0.38,0.84
1,0.49,1.24
1,1.21,1.15
1,0.24,1.19
1,1.49,1.05
1,1.42,0.61
1,1.27,0.04
1,0.56,0.9
1,0.83,1.0
1,1.09,0.73
1,0.77,0.7
0,0.44,0.33
1,0.82,0.92
1,1.22,0.58
0,0.49,0.14
0,0.3,0.22
1,1.45,0.68
0,0.38,0.19
0,0.11,0.34
1,0.88,0.29
1,1.02,1.26
1,0.92,0.17
1,0.11,1.0
1,0.98,1.21
1,0.13,1.2
0,0.47,0.12
1,0.67,0.55
0,0.59,0.25
1,1.29,1.45
1,0.95,1.49
1,1.32,0.36
1,1.11,0.95
1,1.11,0.53
0,0.07,0.6
1,0.2,1.46
1,0.35,0.68
1,1.48,1.39
1,1.21,1.18
1,1.14,0.07
1,1.48,0.6
1,1.15,0.57
1,1.21,0.6
1,1.48,0.65
1,1.3,0.43
1,0.84,1.18
1,0.68,0.4
0,0.38,0.01
1,0.07,1.15
1,0.98,0.68
1,1.44,1.33
1,0.73,0.1
1,0.76,0.87
0,0.09,0.33
1,0.72,0.93
1,1.12,0.1
1,0.66,0.98
1,1.5,1.42
1,0.43,1.23
1,1.28,0.69
1,1.15,0.05
0,0.61,0.08
1,1.01,0.44
1,1.31,0.3
1,1.18,0.45
1,0.73,0.25
1,0.45,0.97
1,0.15,0.91
1,1.0,1.13
1,0.82,0.01
1,0.86,0.4
0,0.1,0.62
1,1.29,0.59
0,0.11,0.63
1,0.02,1.37
0,0.5,0.12
1,1.34,0.4
0,0.17,0.42
1,0.02,1.14
1,1.41,1.12
1,0.12,1.3
1,0.32,1.37
1,0.43,0.66
1,0.59,0.76
1,1.38,1.02
1,0.2,0.84
1,1.06,0.15
1,0.81,1.18
1,0.8,0.26
0,0.41,0.51
1,0.56,0.79
1,0.36,0.96
1,1.24,0.51
0,0.39,0.24
1,0.05,1.11
1,0.06,0.75
1,0.73,0.13
1,0.95,0.66
1,0.08,1.47
1,1.06,0.6
1,1.23,1.1
0,0.55,0.12
1,1.39,0.4
1,1.3,0.98
1,0.73,0.88
1,0.95,0.57
1,0.58,1.35
1,1.1,0.62
1,0.87,1.29
1,0.74,1.13
1,0.96,1.01
1,0.83,0.02
1,0.92,0.37
1,0.87,0.67
1,0.77,0.15
1,1.46,0.79
1,1.38,0.71
1,1.1,0.74
1,0.78,0.9
1,0.89,0.96
1,0.72,1.07
0,0.22,0.54
1,1.34,1.08
1,0.13,0.7
1,0.23,0.91
1,0.83,0.88
1,0.58,0.94
1,0.88,0.85
1,0.38,1.12
1,1.47,1.03
1,0.67,0.92
1,1.04,1.24
1,0.74,1.41
1,0.32,1.05
1,0.28,1.21
0,0.61,0.34
1,1.33,0.88
0,0.31,0.17
1,0.77,0.08
0,0.66,0.18
1,1.1,1.28
1,1.14,0.75
1,1.0,0.98
1,0.79,0.04
1,0.8,0.18
1,0.51,1.16
0,0.48,0.1
1,0.81,0.32
1,0.45,0.74
1,1.34,1.47
0,0.44,0.52
1,1.0,1.12
1,0.55,1.5
1,1.17,0.69
1,1.44,1.12
1,0.98,0.02
1,0.33,1.22
1,1.1,0.55
1,0.78,1.29
1,0.06,1.46
0,0.12,0.6
1,0.05,1.17
1,1.3,0.46
1,1.45,1.16
1,0.31,1.45
1,1.18,0.34
1,0.84,0.81
1,0.62,0.48
1,0.62,0.95
1,0.11,1.48
1,1.08,1.09
0,0.32,0.01
1,1.06,1.19
1,1.47,0.77
1,1.28,1.15
1,1.32,0.21
1,0.35,1.28
0,0.38,0.39
1,0.46,0.84
1,0.5,0.8
1,0.92,0.37
1,0.67,0.4
1,0.5,1.09
1,0.74,0.96
1,1.26,0.36
1,1.49,0.73
1,0.76,0.77
1,1.14,0.48
1,1.15,0.92
1,0.97,0.36
1,0.33,0.63
0,0.2,0.61
1,0.82,0.01
1,1.27,0.47
1,1.43,0.95
1,1.42,1.3
1,0.13,1.36
0,0.26,0.55
1,0.88,0.97
1,1.11,0.67
1,1.19,0.09
1,1.08,1.42
1,1.18,0.78
1,0.94,0.51
1,0.5,0.61
0,0.52,0.01
0,0.37,0.41
1,0.6,1.48
1,0.97,1.5
0,0.21,0.16
1,0.25,1.31
1,0.73,0.01
1,0.87,0.51
1,1.26,1.09
1,1.5,0.75
1,0.48,0.71
1,0.93,0.47
1,1.28,1.11
1,0.78,0.13
1,0.98,0.89
1,0.42,1.19
0,0.4,0.1
1,1.17,1.33
1,1.16,1.0
1,0.75,0.96
1,0.56,0.85
1,0.62,1.3
0,0.02,0.12
0,0.03,0.09
1,0.15,0.82
0,0.21,0.47
1,0.86,0.41
1,1.01,0.26
1,0.88,0.93
1,0.97,0.16
0,0.23,0.06
1,0.59,1.47
1,0.39,1.28
1,0.89,0.91
1,1.34,0.18
1,1.23,0.14
0,0.6,0.05
1,1.15,1.25
1,1.41,1.27
1,0.15,0.95
0,0.03,0.45
1,0.56,1.23
1,0.23,1.38
1,1.27,0.18
1,1.01,0.23
1,0.41,0.67
1,1.03,0.21
1,1.25,0.35
1,0.46,1.29
0,0.47,0.35
1,0.43,0.73
1,0.7,1.19
1,0.85,0.86
1,0.86,0.38
1,1.41,0.02
1,1.24,1.07
1,1.14,1.02
1,0.02,1.04
1,0.17,1.48
1,0.99,0.07
1,0.81,0.11
1,0.87,1.22
1,0.87,0.68
0,0.33,0.47
1,1.49,0.56
1,1.3,0.42
0,0.05,0.08
0,0.03,0.42
1,1.15,1.16
1,0.37,1.22
1,1.46,0.98
1,0.84,1.05
1,0.32,0.66
1,0.87,1.12
1,1.02,0.64
1,0.53,0.93
0,0.37,0.54
1,0.52,1.41
1,0.99,1.33
1,1.16,1.15
1,0.51,1.08
1,0.52,1.04
1,0.35,0.87
1,1.3,0.43
1,0.91,0.7
1,0.63,1.45
1,1.18,0.2
1,0.47,1.03
1,1.13,0.05
1,0.59,0.55
1,1.04,0.48
1,1.14,0.73
1,0.73,0.35
1,0.98,0.64
0,0.01,0.5
0,0.29,0.56
0,0.0,0.33
1,0.9,1.49
1,0.06,1.03
1,1.47,0.47
1,0.74,0.35
1,0.26,1.29
0,0.41,0.3
1,1.27,0.79
0,0.27,0.57
1,1.35,1.19
0,0.23,0.56
1,1.09,0.39
1,0.93,0.54
1,1.12,0.49
1,0.41,0.86
1,0.59,0.83
1,0.21,0.81
1,0.98,0.32
1,0.91,1.05
1,0.44,0.98
1,1.0,0.18
1,0.69,0.36
1,0.69,1.09
1,0.5,1.01
1,0.7,0.25
1,0.02,1.0
1,0.7,0.42
0,0.5,0.39
1,0.61,0.79
1,0.97,0.33
1,1.03,1.25
0,0.6,0.25
0,0.52,0.16
1,0.65,0.33
0,0.62,0.18
1,1.26,0.12
1,1.18,1.48
1,1.36,0.06
1,0.97,0.52
1,0.31,1.37
1,0.77,0.97
1,0.32,0.63
1,0.92,1.08
1,0.8,0.98
0,0.15,0.1
0,0.49,0.25
1,0.32,0.8
1,1.35,1.34
0,0.5,0.0
1,1.39,0.26
1,1.26,1.19
1,0.1,1.27
1,0.7,1.34
1,0.24,1.15
1,0.72,0.53
1,1.36,1.44
0,0.08,0.12
1,1.39,0.0
1,0.77,0.67
1,0.63,1.22
1,1.4,1.07
1,0.44,1.13
1,1.25,1.31
1,0.14,0.88
0,0.22,0.48
0,0.2,0.23
1,1.05,0.74
1,1.39,1.4
1,0.78,1.28
1,0.17,1.07
1,1.26,0.05
1,1.06,0.69
1,0.43,1.28
1,0.03,1.32
1,1.03,0.97
1,0.67,0.98
1,1.17,0.65
1,0.56,1.4
0,0.6,0.15
1,0.38,1.28
1,1.25,0.84
1,1.25,0.0
1,0.7,0.97
1,1.22,1.47
1,0.65,0.8
1,1.05,0.46
1,1.31,0.66
0,0.11,0.52
1,0.51,0.97
1,0.16,1.37
1,1.38,1.39
1,1.07,1.42
1,0.0,1.3
1,0.22,0.84
1,0.61,1.3
1,0.7,0.51
1,1.48,0.5
1,0.69,0.91
1,0.54,1.14
1,0.04,0.77
1,1.31,0.03
1,1.45,1.38
1,1.35,1.25
1,1.42,0.04
1,1.43,0.13
1,0.42,1.38
1,0.43,0.99
1,1.12,0.81
1,1.08,0.13
1,0.73,1.08
0,0.28,0.28
1,1.33,0.55
1,1.48,0.97
1,0.85,0.83
1,1.34,0.76
1,0.85,1.08
1,1.44,1.32
1,1.07,0.71
1,0.28,1.18
0,0.39,0.09
1,0.66,0.93
1,0.76,0.46
1,0.72,0.04
0,0.26,0.24
1,1.18,1.24
0,0.22,0.24
1,0.54,0.96
1,0.31,1.0
1,0.63,1.05
1,0.61,0.79
1,1.03,1.29
1,1.46,0.99
1,1.28,1.31
0,0.13,0.42
1,0.96,1.08
1,0.53,0.83
1,0.82,1.43
1,1.1,0.82
1,0.72,0.77
0,0.44,0.44
1,0.96,0.82
1,1.2,0.69
1,0.25,1.33
1,0.9,0.38
1,1.17,0.22
1,1.35,0.41
1,0.29,0.93
1,0.54,1.18
1,0.58,0.6
1,1.5,1.09
1,0.7,1.21
1,0.7,0.68
1,0.84,0.44
1,0.95,0.73
1,0.7,0.88
1,0.84,0.82
1,0.15,0.9
1,0.42,1.24
1,0.68,0.29
1,1.43,0.1
1,0.35,1.42
1,0.79,0.22
1,0.94,0.16
0,0.23,0.55
1,1.04,0.59
0,0.01,0.3
1,1.28,0.65
1,0.28,1.07
1,0.49,0.63
1,0.43,0.75
1,0.7,0.4
1,0.59,1.33
1,0.38,1.39
0,0.5,0.16
1,1.28,0.63
1,1.0,0.39
0,0.11,0.41
1,0.44,0.7
1,1.36,0.57
1,1.36,0.07
1,1.33,0.49
0,0.13,0.42
1,0.88,0.34
1,0.3,0.75
1,0.53,0.6
1,0.68,0.78
1,1.28,0.98
1,0.2,0.83
1,1.26,0.48
1,1.06,0.66
1,1.34,1.14
0,0.11,0.48
1,0.3,1.03
1,0.21,1.08
1,1.2,0.21
1,1.34,0.02
1,1.28,0.5
1,0.65,0.67
1,1.0,0.16
1,1.48,1.34
1,1.28,0.34
0,0.26,0.55
1,0.65,1.14
1,1.34,0.27
1,0.1,0.79
1,0.45,0.59
1,0.02,1.09
0,0.49,0.27
1,1.49,0.79
1,1.05,0.14
1,0.21,1.47
1,0.95,0.39
1,1.46,1.37
1,1.3,1.32
1,1.32,0.56
1,1.32,1.45
1,0.39,1.17
1,0.6,1.12
1,1.45,0.07
1,1.14,0.72
1,0.29,0.72
0,0.07,0.22
1,0.82,0.36
1,0.07,1.23
1,1.3,0.29
1,0.25,1.32
1,1.26,0.17
1,0.04,0.96
0,0.5,0.31
1,1.02,0.62
1,0.15,1.46
1,1.34,0.29
1,1.04,0.28
1,1.43,1.06
0,0.21,0.07
1,0.92,1.13
1,1.29,0.78
1,1.15,0.21
1,0.14,1.36
1,1.08,0.68
1,0.65,0.95
1,1.03,0.18
1,1.28,0.8
1,0.86,0.33
0,0.06,0.59
1,1.11,0.73
1,1.42,0.8
1,0.42,0.77
1,0.75,0.9
1,1.04,1.05
1,0.5,1.43
1,0.47,1.42
1,0.69,0.18
1,0.88,0.71
1,0.87,1.49
1,0.96,0.41
1,1.17,0.43
1,0.2,0.95
1,1.04,1.32
1,0.45,1.3
1,1.12,0.2
1,1.28,0.76
1,0.7,0.85
1,1.31,1.21
1,0.52,0.61
0,0.46,0.4
1,0.3,0.72
1,0.98,1.31
1,0.52,0.84
1,1.05,0.1
1,1.49,0.97
1,0.48,1.36
0,0.31,0.05
1,1.37,1.23
1,0.25,1.22
1,0.29,1.09
1,1.25,0.95
1,1.32,1.21
1,0.98,0.16
1,1.28,0.79
1,1.04,1.48
0,0.13,0.29
0,0.05,0.56
1,1.28,0.99
1,0.78,0.47
1,0.79,0.57
1,0.42,0.65
0,0.43,0.5
1,0.96,0.76
0,0.54,0.04
1,1.21,0.33
1,0.11,1.01
1,1.31,1.24
1,0.83,0.83
1,0.98,0.09
1,1.38,0.35
1,0.58,0.94
1,0.68,0.23
1,1.36,0.99
1,1.07,1.4
1,0.46,1.4
0,0.37,0.17
1,0.14,1.28
0,0.62,0.09
0,0.15,0.59
1,0.67,0.73
1,1.21,1.05
1,0.24,0.67
1,0.16,1.32
1,0.63,1.36
1,0.3,1.29
1,0.75,0.94
1,0.74,0.62
1,0.72,0.32
1,0.12,1.13
1,0.63,1.35
1,0.22,1.49
1,0.12,0.8
0,0.5,0.31
1,1.05,1.09
1,1.16,0.63
1,0.85,0.89
1,0.19,1.32
1,1.08,0.95
1,0.36,1.17
1,1.28,1.14
1,1.22,0.76
0,0.22,0.38
1,0.9,1.11
1,0.48,1.01
0,0.43,0.46
1,1.31,0.45
1,0.26,1.39
1,1.35,0.3
1,0.76,0.23
1,1.14,0.24
1,1.17,0.93
1,1.45,0.74
1,1.2,1.13
0,0.53,0.38
1,0.46,1.43
1,1.37,1.38
1,0.12,1.06
1,0.82,1.5
1,1.08,0.63
0,0.4,0.38
1,1.05,0.49
1,0.68,1.48
1,0.57,1.48
1,0.82,0.75
1,0.14,1.46
1,1.16,1.34
1,0.29,0.73
1,0.2,1.39
1,0.72,0.95
1,1.49,1.4
1,1.42,0.55
1,0.77,0.63
1,0.95,0.19
1,1.49,0.55
1,0.25,1.39
1,1.08,0.49
1,0.92,0.74
1,0.43,0.78
1,0.89,0.55
0,0.25,0.07
1,1.32,1.0
1,0.16,1.49
1,0.68,0.99
1,0.92,0.44
1,0.79,0.47
1,1.09,1.15
1,1.26,0.32
1,0.8,1.38
1,0.8,1.29
1,0.03,1.41
1,0.38,1.37
1,1.22,0.16
1,0.21,1.3
0,0.26,0.34
0,0.61,0.14
0,0.2,0.65
0,0.17,0.49
1,0.71,0.42
0,0.4,0.17
1,1.26,1.02
1,1.09,1.49
1,0.18,1.14
1,1.3,0.73
1,0.65,1.16
1,1.08,1.03
1,0.81,1.15
1,1.49,0.62
0,0.36,0.46
1,1.14,0.94
1,0.56,1.44
1,1.03,0.13
1,1.13,0.66
1,1.46,1.16
1,1.36,0.02
0,0.34,0.39
1,0.69,1.06
0,0.6,0.31
1,1.2,0.04
1,0.34,1.3
1,0.26,1.02
0,0.5,0.36
1,1.04,0.94
1,0.86,0.18
1,0.28,0.99
1,1.45,0.37
0,0.61,0.31
1,0.82,1.26
0,0.28,0.57
0,0.01,0.47
1,0.32,1.3
0,0.32,0.18
1,1.45,0.53
1,0.72,0.53
0,0.51,0.2
1,0.5,0.58
1,1.35,0.08
1,0.44,0.73
0,0.49,0.21
1,0.62,1.43
1,0.85,0.64
1,1.36,0.76
1,1.39,1.47
1,0.29,1.1
0,0.5,0.37
1,0.76,1.37
1,0.94,0.11
1,0.72,0.3
1,0.66,0.39
1,0.75,0.44
1,1.18,1.46
1,0.29,0.9
0,0.1,0.12
1,1.11,0.47
1,0.86,1.15
1,0.58,1.43
1,1.41,1.37
1,1.19,0.07
0,0.42,0.4
1,0.52,0.54
1,0.97,0.91
1,1.05,1.21
1,0.45,1.27
1,0.95,0.23
0,0.56,0.22
1,0.07,1.22
1,0.75,1.39
0,0.22,0.06
0,0.4,0.01
1,0.4,1.03
1,0.85,0.74
1,1.11,1.0
1,0.67,1.33
1,0.43,0.94
1,0.22,1.2
1,0.87,1.37
1,0.9,0.03
1,1.25,1.32
1,0.41,0.73
1,1.17,0.09
1,0.82,0.72
1,0.21,1.45
1,0.68,0.17
1,1.21,0.23
1,0.83,1.24
1,0.11,1.26
1,1.22,0.31
0,0.06,0.33
1,0.66,1.32
0,0.63,0.29
1,0.49,0.77
1,0.89,0.57
1,0.27,0.73
1,0.45,1.23
1,0.42,0.96
1,0.77,0.13
1,1.43,0.33
1,0.57,1.12
1,1.0,1.08
1,0.75,0.85
1,1.43,1.09
1,0.6,1.29
1,1.14,0.93
1,0.44,0.72
1,0.42,1.21
1,0.77,1.29
1,1.5,0.7
1,0.88,1.31
0,0.28,0.11
0,0.05,0.46
1,0.46,1.38
1,0.71,0.54
1,0.48,0.91
1,0.14,0.94
1,1.3,1.01
1,0.71,0.46
1,0.75,0.91
1,1.47,0.78
1,0.88,1.21
1,1.17,0.48
1,1.48,0.28
0,0.25,0.5
1,1.07,0.34
1,0.97,0.63
1,1.01,1.43
1,1.19,1.12
1,0.84,0.78
1,1.32,1.23
1,1.04,0.31
0,0.27,0.06
1,0.9,1.0
1,1.39,1.24
1,0.07,1.3
1,1.41,0.97
1,1.01,0.8
0,0.64,0.03
1,0.69,1.17
1,0.67,0.35
1,1.19,0.12
1,0.1,1.25
0,0.52,0.13
1,1.42,1.31
0,0.35,0.08
1,0.92,0.78
1,1.34,1.19
1,0.45,0.93
1,0.64,1.45
1,0.1,1.48
1,1.32,0.02
0,0.13,0.48
1,0.95,1.17
1,1.28,0.83
1,1.22,0.22
1,0.58,1.45
1,0.13,0.69
1,0.78,0.92
1,0.8,0.96
1,1.05,0.1
1,0.17,1.33
1,0.86,0.75
1,1.13,0.3
1,0.62,1.37
0,0.44,0.02
1,1.29,1.38
1,0.36,1.38
1,0.4,0.71
1,0.67,0.65
1,0.99,0.16
1,0.15,0.95
1,1.2,0.78
1,1.41,1.18
1,1.2,1.31
0,0.45,0.22
0,0.1,0.51
0,0.1,0.26
1,0.96,1.33
1,0.77,0.37
1,1.39,0.28
1,1.15,0.24
0,0.36,0.17
1,0.69,1.46
1,0.16,1.49
0,0.58,0.27
1,0.69,1.27
1,1.29,1.42
0,0.15,0.08
1,1.03,0.88
1,0.73,0.42
1,1.35,1.22
1,0.25,1.33
1,0.11,0.85
1,0.99,0.95
1,0.75,1.18
1,0.8,0.97
1,1.31,1.05
0,0.22,0.08
1,0.86,1.45
1,1.4,0.82
0,0.46,0.18
1,0.07,1.37
1,0.79,0.61
1,0.39,0.97
1,1.48,0.17
1,0.52,0.92
1,1.28,1.41
1,0.39,0.85
1,1.17,1.48
0,0.19,0.06
1,1.49,0.52
1,1.48,0.85
1,1.27,0.03
1,0.03,1.32
1,0.45,0.96
1,1.02,0.3
1,0.98,0.0
1,1.23,1.47
1,0.68,0.69
1,0.69,1.31
1,1.38,1.21
1,0.24,0.7
1,0.28,1.1
1,0.8,0.64
1,0.09,0.91
1,1.09,1.5
1,1.42,0.12
1,0.61,0.35
1,1.36,0.08
1,1.38,0.77
1,0.78,0.4
1,0.21,1.2
1,0.92,0.03
1,0.96,1.09
1,0.54,0.71
0,0.12,0.12
0,0.21,0.39
0,0.2,0.63
1,0.6,0.55
1,0.77,0.42
1,0.4,1.38
1,0.95,1.02
1,1.39,1.14
1,1.32,1.01
0,0.23,0.42
0,0.39,0.22
0,0.6,0.14
1,0.63,0.78
1,0.42,1.23
1,0.63,0.99
0,0.47,0.06
1,0.72,0.63
0,0.24,0.18
1,0.79,1.47
1,0.82,0.39
1,0.71,1.1
1,0.28,1.29
1,0.83,0.29
1,0.12,1.29
1,0.12,0.82
0,0.04,0.26
1,0.45,0.8
1,1.19,0.98
1,0.27,0.8
1,0.72,1.14
1,0.79,1.05
1,1.19,0.2
1,0.99,1.01
1,0.85,0.29
1,0.37,1.1
0,0.28,0.46
1,0.97,0.53
1,1.02,0.91
1,0.8,1.35
1,1.0,1.11
1,1.44,0.76
1,0.27,1.02
1,1.22,0.34
0,0.54,0.01
1,1.38,0.25
0,0.16,0.28
1,0.9,0.99
0,0.56,0.13
0,0.03,0.4
1,1.33,1.0
0,0.59,0.36
1,0.91,0.73
1,0.66,1.38
1,0.64,0.73
1,0.39,1.26
1,1.23,0.46
0,0.27,0.13
0,0.34,0.04
1,0.54,1.41
1,1.01,0.05
1,1.3,0.87
1,0.84,0.28
1,1.09,0.47
1,0.93,1.2
1,0.91,0.66
0,0.06,0.21
1,0.74,0.13
1,0.67,1.19
1,1.13,1.46
1,1.11,0.84
0,0.25,0.03
1,0.99,0.77
0,0.44,0.05
1,1.1,1.2
1,1.07,0.47
0,0.04,0.35
1,0.34,0.77
1,0.17,0.76
1,0.18,1.21
1,1.36,0.95
1,1.3,1.08
1,0.78,0.71
1,0.45,0.63
0,0.34,0.3
1,0.79,0.42
0,0.5,0.21
1,1.19,0.23
1,1.11,0.89
0,0.06,0.01
1,0.2,1.11
1,0.6,1.29
1,0.98,1.5
1,1.25,0.23
1,1.02,0.4
0,0.01,0.33
1,0.85,1.4
1,1.31,1.29
0,0.62,0.1
1,1.01,0.91
1,0.58,0.59
0,0.15,0.25
1,0.91,0.95
1,1.23,1.03
1,0.91,0.78
1,0.88,0.44
1,0.47,0.86
0,0.41,0.27
0,0.1,0.18
0,0.2,0.23
1,0.8,0.43
1,1.37,0.26
1,0.66,0.73
1,1.06,0.25
1,0.68,1.35
1,1.17,1.42
1,1.47,0.49
1,0.59,1.37
1,0.64,1.06
0,0.1,0.67
1,1.16,0.55
0,0.34,0.31
1,0.14,0.75
1,1.04,0.33
1,0.88,0.75
1,1.04,0.62
1,1.46,0.85
0,0.09,0.59
1,1.2,0.32
1,1.11,1.44
1,1.03,1.33
0,0.3,0.23
1,0.04,1.45
1,0.72,1.34
1,1.14,0.88
1,0.92,0.11
1,1.27,1.44
0,0.15,0.48
0,0.08,0.39
1,0.82,0.44
1,0.68,1.14
1,0.99,0.7
1,0.94,0.91
1,0.55,1.25
1,0.94,0.72
0,0.16,0.21
1,1.21,0.66
0,0.17,0.22
1,1.19,1.41
1,0.65,0.52
1,0.88,0.69
1,1.03,0.82
1,1.29,1.12
1,0.73,0.56
1,0.43,1.03
1,0.84,0.53
1,0.24,0.85
1,0.61,0.36
1,0.2,1.05
1,1.19,0.76
1,0.84,0.6
1,0.3,0.76
1,0.4,1.27
1,0.76,0.87
1,0.46,0.68
1,1.11,0.67
1,1.11,0.53
1,1.35,0.68
1,1.01,0.07
1,0.23,1.02
1,0.78,1.41
1,1.36,1.0
1,0.67,0.64
1,1.39,0.96
1,0.67,0.94
1,1.13,1.12
1,0.84,1.03
1,0.2,1.07
1,0.16,1.41
1,1.4,0.94
1,1.13,0.93
1,0.66,1.14
1,0.77,0.02
1,0.64,1.45
1,0.94,1.16
0,0.49,0.23
1,0.4,1.41
0,0.49,0.05
1,1.05,0.93
0,0.29,0.57
0,0.16,0.48
1,0.8,0.51
1,1.22,0.49
1,1.09,0.89
1,0.36,1.41
1,0.32,1.32
1,0.5,0.78
1,0.97,1.12
1,0.22,0.85
0,0.46,0.3
1,1.0,0.57
1,0.46,0.9
1,0.74,1.48
1,1.27,0.54
1,0.22,0.87
1,0.74,0.4
1,0.81,0.91
1,0.15,0.94
1,1.43,0.56
1,1.27,0.82
1,1.05,0.6
0,0.31,0.33
0,0.08,0.59
1,0.31,1.16
1,1.19,0.7
1,0.26,0.88
1,0.97,1.36
1,0.57,1.4
1,0.3,0.95
0,0.6,0.04
1,1.38,0.23
0,0.56,0.25
0,0.12,0.67
1,0.8,0.95
0,0.5,0.07
0,0.09,0.4
1,0.61,0.76
1,0.09,1.49
0,0.04,0.65
0,0.53,0.19
1,1.15,0.09
0,0.48,0.39
0,0.42,0.36
1,1.21,1.05
0,0.51,0.44
1,0.08,0.88
0,0.22,0.19
0,0.31,0.6
1,1.44,1.1
1,0.72,0.79
0,0.03,0.65
1,1.01,0.13
1,1.2,0.2
1,0.18,1.19
1,1.34,0.32
0,0.1,0.13
1,1.41,1.08
0,0.27,0.56
1,1.32,0.02
1,1.36,0.33
1,1.37,1.03
1,0.73,0.48
1,1.45,1.49
1,1.28,0.26
1,0.34,1.48
1,0.9,1.11
1,1.29,1.48
1,1.42,0.95
1,0.63,0.55
0,0.05,0.13
1,0.64,1.46
1,0.19,1.47
1,0.91,1.22
1,1.16,1.2
1,0.09,1.15
0,0.11,0.34
1,1.47,0.86
0,0.42,0.35
1,0.83,1.1
1,1.42,0.29
1,0.91,0.71
1,0.84,1.1
1,1.24,0.6
1,1.02,0.2
0,0.13,0.09
1,1.29,0.53
0,0.06,0.25
1,0.14,1.26
0,0.49,0.01
1,0.21,1.5
1,0.33,1.24
1,0.37,0.86
1,0.11,1.12
1,0.77,1.41
1,1.15,0.9
0,0.35,0.34
1,1.31,0.35
1,1.24,0.86
1,0.55,1.34
0,0.41,0.34
0,0.35,0.03
1,1.33,0.09
1,0.13,0.97
1,0.23,0.89
0,0.17,0.3
1,0.77,0.42
1,1.2,0.02
1,0.78,0.78
1,0.03,1.24
1,1.48,0.6
1,0.53,1.36
1,0.51,1.28
1,1.17,0.52
1,0.13,0.92
1,1.38,0.32
1,0.4,0.88
0,0.1,0.13
0,0.05,0.66
1,0.6,1.27
1,0.45,0.8
1,0.65,0.56
1,1.09,1.02
1,0.63,1.1
1,1.13,0.47
1,0.93,0.78
1,0.95,0.49
1,1.11,0.41
1,1.06,0.13
1,1.08,1.25
1,0.25,0.83
1,0.77,1.49
1,1.03,0.93
1,1.45,0.4
1,0.64,1.5
0,0.11,0.46
1,1.44,0.51
1,0.7,1.34
1,0.43,0.67
0,0.13,0.42
1,1.48,0.2
1,0.28,1.09
1,0.58,0.68
1,0.01,1.11
1,1.47,0.52
0,0.03,0.32
1,1.28,0.88
1,0.28,0.66
0,0.3,0.3
1,1.27,0.41
1,0.36,1.02
1,0.65,1.2
1,1.15,1.08
1,0.89,0.71
1,1.44,0.51
1,1.07,0.86
1,1.18,1.0
1,0.32,0.94
1,0.11,0.72
1,0.77,0.55
0,0.62,0.28
1,1.22,1.0
1,1.08,1.09
1,1.03,0.03
1,0.63,1.32
0,0.33,0.24
1,0.72,0.84
1,0.64,1.43
1,0.9,0.81
1,0.96,0.63
1,0.79,0.3
1,0.82,0.44
1,0.74,1.02
1,0.85,0.11
1,1.39,0.8
1,1.25,0.94
1,1.5,1.33
1,1.44,0.08
1,0.03,1.09
1,1.16,1.27
1,0.91,0.53
1,0.74,1.36
1,0.44,0.95
1,1.06,0.89
1,1.38,1.05
1,1.25,0.96
0,0.2,0.48
1,0.8,0.92
1,1.47,0.01
1,1.45,0.47
1,0.88,0.74
1,0.92,1.24
1,1.28,0.55
1,0.57,1.49
0,0.09,0.02
1,1.42,1.29
1,1.06,0.62
1,0.58,0.81
1,1.3,0.35
1,0.49,0.95
1,0.54,0.88
1,0.83,0.82
1,0.78,1.16
1,0.39,1.18
1,1.37,0.06
1,0.72,0.97
1,1.36,1.24
1,1.04,0.85
1,0.7,1.18
1,0.8,0.6
0,0.07,0.11
1,1.41,0.81
1,0.84,0.66
0,0.05,0.43
1,1.45,0.78
1,1.42,0.68
1,1.37,0.89
1,0.03,1.14
1,0.53,0.7
1,1.05,0.44
0,0.39,0.17
1,0.58,1.22
1,1.07,0.63
1,0.32,1.05
1,0.28,1.0
1,1.29,1.35
1,1.47,1.43
1,0.48,1.13
0,0.14,0.65
1,0.03,0.81
1,1.27,0.21
1,0.22,1.44
1,1.0,1.47
1,0.35,1.38
0,0.51,0.11
1,1.36,0.33
1,0.96,0.9
0,0.33,0.07
0,0.57,0.24
1,1.44,1.48
0,0.37,0.5
0,0.01,0.39
1,0.87,0.05
1,0.15,0.9
1,0.66,0.42
1,1.31,0.06
1,0.13,0.8
1,0.74,0.13
0,0.24,0.09
0,0.58,0.12
1,1.1,0.49
1,0.59,0.41
1,1.02,0.99
1,0.11,1.12
1,0.68,0.18
1,0.3,1.44
1,0.76,0.28
1,1.24,0.25
1,0.22,0.9
0,0.1,0.02
1,0.64,1.27
1,1.15,0.96
1,1.35,0.38
1,0.54,0.54
0,0.01,0.3
0,0.65,0.15
1,0.83,0.81
1,1.15,0.58
1,0.8,0.03
1,0.58,1.11
1,1.07,0.79
1,0.77,1.15
1,1.41,0.68
1,0.24,0.91
1,0.58,0.52
1,0.94,0.29
1,0.94,0.78
0,0.47,0.38
1,1.25,0.49
0,0.12,0.14
1,0.84,0.1
1,0.84,0.1
1,1.39,0.54
1,0.61,1.44
1,1.35,0.89
1,0.18,0.83
1,0.82,1.29
1,1.18,0.01
1,1.47,0.16
1,0.77,0.05
1,0.81,0.53
1,0.05,1.05
1,0.92,0.56
0,0.46,0.11
1,1.24,1.43
1,0.36,0.82
1,1.34,1.03
1,0.93,0.31
1,0.08,1.39
1,0.16,1.19
1,0.97,1.46
1,0.53,1.43
1,1.24,0.76
0,0.01,0.08
1,1.41,1.3
1,1.38,0.45
1,1.31,0.34
1,1.01,0.17
1,1.37,0.81
1,1.23,0.18
1,0.43,1.02
1,1.1,1.0
1,1.1,1.13
1,1.36,0.21
1,0.11,0.76
1,0.41,0.74
1,0.14,1.04
1,0.99,0.79
1,1.01,0.43
1,1.03,0.88
1,0.54,0.73
1,0.39,1.47
1,0.96,1.18
0,0.17,0.51
1,0.76,0.4
1,1.01,1.38
1,0.77,0.91
1,0.24,1.32
1,0.77,1.37
1,0.9,0.38
1,1.39,1.33
1,0.33,0.79
1,1.02,0.7
1,0.72,0.9
1,1.18,1.23
1,0.51,1.1
1,0.62,1.06
0,0.39,0.05
1,0.02,1.24
0,0.06,0.65
1,0.73,1.17
0,0.33,0.53
1,1.47,0.0
0,0.38,0.42
0,0.54,0.44
1,1.26,0.66
1,0.37,0.72
1,1.35,1.07
1,0.66,0.86
1,0.89,1.43
1,0.22,0.81
1,1.32,0.29
1,1.16,0.74
0,0.53,0.14
1,1.44,1.26
1,1.25,0.9
1,0.77,0.31
0,0.06,0.24
1,1.03,0.7
1,1.41,0.83
1,0.52,1.14
1,1.34,1.37
1,1.4,0.43
1,1.4,0.65
0,0.42,0.39
1,1.23,1.35
1,1.24,0.15
1,1.38,0.44
1,0.88,0.02
1,1.27,0.11
1,0.94,0.23
1,0.86,0.64
1,0.32,0.96
1,0.95,0.19
1,1.29,0.23
1,1.26,0.85
1,0.15,1.09
1,1.1,0.44
1,0.85,0.05
1,0.93,0.97
1,1.24,0.19
1,0.95,1.0
1,0.55,0.58
1,0.77,1.46
1,1.19,0.29
1,1.31,0.41
1,0.02,1.03
0,0.04,0.68
1,0.41,1.5
0,0.35,0.51
1,1.34,0.97
1,0.95,0.12
1,0.12,1.05
1,1.19,0.89
1,1.03,0.43
1,0.25,1.34
1,1.43,1.04
1,0.59,0.6
0,0.58,0.07
1,1.37,1.15
1,0.76,0.05
1,0.63,1.17
1,0.7,0.26
0,0.0,0.13
1,0.6,1.15
1,1.3,1.34
1,0.51,1.39
0,0.53,0.07
1,0.91,0.35
1,0.26,1.35
1,1.4,0.53
1,0.48,1.23
1,0.93,0.26
1,0.93,1.01
1,1.32,0.96
1,0.9,1.31
1,1.05,0.91
1,0.06,0.72
1,0.72,0.6
1,0.76,1.21
1,0.56,0.86
1,0.39,1.44
1,1.21,1.16
1,0.88,1.47
1,0.77,0.47
1,1.08,0.19
1,1.05,0.51
1,0.98,0.96
1,1.45,0.07
1,0.98,0.57
1,1.32,0.66
1,1.04,0.67
1,1.35,0.52
1,1.23,0.72
1,1.44,0.88
1,0.06,1.04
1,0.4,0.9
1,1.36,0.77
1,1.45,1.14
1,1.1,0.36
1,1.2,0.32
0,0.05,0.45
1,1.44,1.14
1,0.64,1.11
1,0.0,1.26
1,1.39,0.98
1,0.88,0.65
1,1.25,1.08
0,0.32,0.37
1,0.7,1.35
1,1.41,0.53
1,1.25,0.48
0,0.57,0.08
1,1.05,0.7
1,1.47,0.08
1,0.85,1.14
0,0.58,0.04
1,0.55,1.13
1,0.44,0.62
1,0.86,0.85
1,1.19,0.34
1,0.28,0.91
1,0.53,0.8
1,0.44,0.75
1,0.79,0.15
1,1.07,1.39
0,0.28,0.19
1,0.92,0.02
1,1.31,0.3
1,0.73,1.09
1,1.06,1.14
1,0.89,0.56
1,0.88,0.01
0,0.25,0.39
1,0.64,0.41
1,0.67,1.39
1,1.12,1.43
1,1.3,0.72
1,1.35,0.45
1,0.26,0.73
1,0.79,0.04
1,0.71,0.67
1,1.03,0.04
0,0.19,0.61
1,0.56,0.8
1,0.21,1.45
1,1.05,0.46
1,1.1,1.31
1,0.01,0.97
0,0.07,0.34
1,0.86,1.04
1,1.47,1.23
1,1.1,0.56
1,0.96,1.35
1,1.06,1.28
0,0.04,0.32
0,0.34,0.04
1,0.7,1.03
1,0.16,0.76
1,0.78,0.7
1,1.49,0.29
1,0.85,1.46
1,0.79,0.64
1,0.78,1.21
1,0.27,1.36
1,0.1,0.88
1,1.42,0.72
1,0.2,0.97
1,1.11,0.49
1,0.52,1.25
1,0.29,0.73
1,0.69,0.44
1,0.8,1.13
1,1.07,1.47
1,0.77,1.26
1,0.41,0.78
1,0.55,0.73
1,1.49,1.26
1,0.57,1.18
1,0.85,0.09
1,1.46,0.02
1,0.39,1.46
0,0.26,0.56
0,0.4,0.37
1,0.73,0.76
1,1.32,1.06
0,0.6,0.09
1,0.29,0.65
1,1.41,0.13
1,0.44,0.62
1,1.12,1.08
1,0.83,0.37
1,0.71,0.39
0,0.05,0.07
1,1.12,1.38
1,1.44,0.68
1,0.91,0.84
0,0.42,0.51
1,1.12,0.12
0,0.28,0.18
1,1.3,0.6
1,1.34,0.73
1,1.3,1.23
1,0.84,1.24
1,1.04,0.48
1,0.9,1.16
1,1.44,0.34
1,0.09,0.74
1,0.4,0.88
0,0.6,0.15
1,1.41,1.13
1,0.84,0.73
1,0.19,1.35
1,0.71,1.29
1,1.36,1.03
0,0.45,0.31
1,1.2,0.24
1,0.71,1.42
1,0.89,0.91
1,0.14,0.88
1,0.17,1.37
1,1.47,1.41
1,1.14,1.25
1,1.01,1.05
1,0.66,0.95
1,0.9,0.36
1,1.22,1.2
1,1.2,0.92
1,1.47,1.13
0,0.25,0.49
1,1.3,0.56
0,0.02,0.67
1,1.27,0.14
1,0.43,1.23
1,0.23,1.28
1,1.27,0.4
1,0.98,0.0
1,0.96,0.05
0,0.43,0.3
1,0.76,0.33
0,0.23,0.13
1,1.12,1.09
1,0.23,0.87
1,0.71,1.22
1,0.77,1.31
0,0.31,0.59
1,0.98,1.39
1,1.21,0.19
1,1.39,1.46
1,1.27,0.31
1,1.42,0.29
1,1.02,1.39
1,1.17,0.36
1,0.34,1.42
1,1.12,1.01
1,1.47,1.04
1,1.24,0.36
1,0.75,1.25
1,0.48,1.18
1,1.4,0.13
1,0.69,1.43
1,0.96,0.24
1,0.56,1.43
0,0.67,0.06
1,1.49,0.25
1,0.22,1.36
0,0.14,0.1
1,0.41,1.26
1,1.0,0.63
1,0.13,1.06
1,0.83,0.8
1,0.62,1.35
0,0.4,0.34
1,1.24,1.36
1,0.85,0.83
1,0.66,1.45
1,0.89,0.17
1,0.86,0.33
1,1.09,0.53
1,0.89,0.43
0,0.33,0.45
1,0.45,0.9
1,0.63,1.12
1,0.49,1.16
0,0.38,0.08
0,0.25,0.42
1,0.58,1.22
1,1.38,0.77
0,0.25,0.27
1,0.43,1.47
0,0.51,0.22
1,0.63,0.65
1,1.47,0.27
1,1.04,0.51
0,0.26,0.4
1,0.68,0.26
1,0.49,1.06
1,0.98,0.72
1,1.49,0.29
1,1.35,0.04
1,1.09,1.41
1,1.39,0.21
1,1.02,0.3
1,0.1,0.73
0,0.26,0.17
1,1.06,1.27
1,0.49,1.18
1,0.69,0.29
1,0.54,1.09
1,0.98,1.15
1,0.74,1.06
1,1.19,0.24
1,0.53,0.53
0,0.34,0.53
0,0.01,0.4
1,0.89,0.48
1,0.18,0.81
1,0.06,0.97
1,0.79,0.7
1,1.36,0.8
1,0.03,0.72
1,1.5,0.54
1,1.01,1.04
0,0.37,0.19
1,0.76,1.36
1,1.29,0.13
1,1.01,0.3
1,0.93,0.72
1,0.61,0.71
1,1.26,0.22
1,0.71,0.07
1,0.47,1.31
0,0.12,0.22
1,0.05,0.88
1,1.36,1.47
1,0.75,1.28
1,0.11,1.34
1,1.29,0.23
1,0.77,0.77
1,0.4,1.09
1,1.3,0.04
1,1.45,0.36
1,0.2,0.96
1,0.27,0.84
1,1.09,0.21
1,1.09,0.49
1,0.54,0.8
1,1.27,1.05
0,0.39,0.57
1,0.45,0.54
1,0.66,1.08
1,0.37,1.08
1,0.81,0.59
1,0.47,0.6
1,0.74,0.0
1,0.92,0.96
1,0.58,0.54
0,0.25,0.37
0,0.18,0.67
1,1.15,1.25
1,1.26,0.89
1,1.26,0.42
1,0.69,0.68
1,1.32,0.08
1,0.29,1.46
1,0.72,1.33
1,1.35,0.92
0,0.62,0.13
1,0.77,0.06
0,0.56,0.13
1,0.56,0.62
1,0.09,1.0
1,0.68,1.08
1,0.58,0.47
1,1.0,1.37
1,0.43,0.73
1,1.1,0.3
1,1.19,1.06
1,0.42,1.08
1,1.46,1.0
1,1.3,0.36
1,1.24,1.31
0,0.08,0.27
1,0.15,1.19
1,0.22,1.01
1,0.9,1.38
0,0.54,0.2
1,1.32,0.44
1,0.7,0.85
1,0.21,1.11
0,0.41,0.36
1,0.5,0.56
0,0.26,0.53
0,0.18,0.43
1,0.66,0.96
1,1.16,0.5
1,0.93,0.49
1,1.06,1.17
1,0.51,1.48
1,0.54,1.09
1,0.19,1.07
0,0.56,0.07
1,1.34,0.64
1,0.97,0.41
1,0.12,0.94
1,1.2,1.3
1,0.55,0.47
1,0.88,0.14
1,1.44,1.05
1,0.79,1.16
0,0.32,0.58
1,0.76,0.87
0,0.06,0.12
1,0.04,0.71
1,0.18,0.94
1,1.49,1.08
1,1.47,0.98
1,1.39,1.18
1,1.23,0.05
0,0.52,0.3
1,1.24,1.31
1,0.11,1.01
1,0.74,1.16
1,1.22,1.16
1,0.94,0.57
1,0.91,0.14
1,0.87,0.15
0,0.39,0.57
1,1.38,1.49
1,0.79,0.94
1,0.67,0.63
1,1.15,1.39
1,0.98,0.97
1,0.83,0.78
1,0.58,1.13
0,0.2,0.62
1,1.14,0.64
0,0.11,0.61
1,0.11,0.91
1,1.44,1.16
0,0.01,0.22
1,0.92,1.37
1,1.15,0.35
1,1.36,0.17
0,0.42,0.55
1,0.85,0.2
1,0.88,0.65
1,0.34,0.68
1,1.4,0.26
1,0.21,1.05
1,0.93,1.0
1,1.29,1.07
1,1.08,0.68
1,1.17,0.22
1,0.21,1.46
1,1.4,1.16
1,0.66,0.39
1,1.17,0.05
1,0.38,1.02
1,1.22,1.17
1,1.35,1.07
1,0.64,0.31
1,0.72,0.53
0,0.08,0.44
1,1.1,0.47
1,0.33,1.49
1,0.7,1.4
1,1.42,0.59
1,0.69,0.44
1,1.42,0.62
0,0.16,0.28
0,0.27,0.35
1,1.25,1.13
1,0.6,1.39
1,0.52,0.68
1,1.31,0.75
1,1.4,0.89
1,1.13,1.49
1,0.27,0.7
1,0.01,0.91
1,1.49,1.28
1,1.04,0.36
1,1.48,0.48
1,1.3,0.36
1,0.04,0.75
0,0.49,0.22
1,1.05,1.2
1,0.65,1.41
1,0.63,0.8
1,0.34,1.01
1,1.38,1.4
1,0.23,1.09
1,0.71,1.42
1,0.89,1.22
1,0.67,1.21
1,0.41,1.49
1,1.29,0.39
1,0.61,0.5
1,0.73,0.15
1,1.09,0.1
1,0.18,0.91
1,1.16,0.71
1,0.91,1.25
0,0.29,0.48
1,0.78,0.87
1,0.61,0.61
1,0.35,1.07
1,1.07,0.77
1,0.97,0.78
1,0.65,0.49
1,0.9,0.88
0,0.64,0.21
1,0.04,1.22
1,0.31,0.73
1,1.08,0.96
1,0.52,1.24
0,0.33,0.07
0,0.47,0.39
1,1.19,0.35
1,1.3,0.68
1,1.37,1.11
1,0.19,1.15
1,0.77,0.43
1,0.09,1.36
1,0.52,1.45
1,1.01,0.04
1,0.97,1.13
1,1.32,0.07
1,1.0,1.41
1,1.36,0.99
0,0.23,0.44
1,0.66,1.01
1,1.21,0.37
0,0.23,0.14
1,1.25,0.28
1,0.1,1.36
1,1.34,0.23
1,1.05,0.27
1,1.32,0.64
1,0.19,0.99
1,1.22,0.56
1,1.24,1.09
0,0.2,0.52
1,0.1,0.95
1,0.72,0.93
1,0.98,1.23
0,0.36,0.48
1,1.26,0.52
1,0.49,1.02
1,0.93,0.77
1,0.53,0.85
1,0.57,1.13
0,0.54,0.19
1,1.16,0.93
1,1.19,1.1
1,0.33,1.25
1,0.64,1.26
1,0.86,1.42
1,0.99,0.76
1,1.41,0.22
0,0.19,0.39
1,1.01,0.14
1,1.04,0.69
1,1.24,0.34
1,0.94,1.42
1,1.04,0.06
1,0.59,1.09
1,1.42,1.07
0,0.05,0.08
1,0.9,0.69
0,0.57,0.2
1,0.75,0.96
0,0.58,0.39
1,1.44,0.47
0,0.41,0.05
1,1.06,1.31
1,1.12,1.37
1,0.41,1.33
1,0.87,0.39
1,0.22,0.97
1,1.36,0.54
0,0.27,0.58
1,0.23,1.08
1,1.23,0.54
1,1.11,0.59
1,1.36,0.2
1,1.12,1.35
1,1.43,0.02
1,0.18,0.73
1,1.39,1.19
1,1.23,1.3
1,0.89,0.51
1,0.21,0.82
1,0.01,0.75
1,0.91,0.66
1,0.76,0.25
1,0.97,1.44
1,0.99,0.1
1,1.09,0.25
1,0.36,1.49
1,0.57,0.97
1,1.45,0.14
1,0.27,0.83
1,1.33,0.71
1,0.61,0.54
1,0.77,0.63
1,1.42,0.69
1,1.34,0.56
1,1.04,0.44
1,1.48,0.18
1,0.8,0.23
1,0.91,0.43
1,1.43,0.02
1,0.65,0.38
1,1.0,0.03
0,0.17,0.03
1,1.02,0.34
1,0.79,0.98
1,0.85,0.76
1,1.17,0.86
1,0.94,0.53
0,0.26,0.42
0,0.41,0.15
1,0.03,1.02
1,1.31,1.28
1,0.54,0.92
0,0.32,0.05
1,0.49,0.73
1,0.4,0.95
1,1.5,1.33
1,0.87,0.08
1,1.2,0.18
1,0.79,0.94
1,1.06,1.04
1,1.27,1.13
1,0.29,1.36
1,1.37,0.69
1,1.42,0.06
1,1.41,0.72
1,1.48,0.99
1,1.27,1.29
1,1.14,1.24
1,0.99,0.48
1,0.83,0.94
1,0.66,0.85
0,0.1,0.64
1,1.19,0.97
1,0.96,0.88
1,1.45,1.23
1,1.02,1.39
1,0.22,0.71
1,1.49,1.34
1,0.1,0.75
1,1.4,0.18
1,0.02,0.87
0,0.34,0.04
0,0.38,0.54
0,0.01,0.45
1,1.11,0.96
1,0.92,1.08
0,0.33,0.51
1,1.11,0.65
1,0.64,0.71
0,0.02,0.14
0,0.19,0.02
1,0.83,1.0
1,1.14,0.01
1,0.79,0.53
1,1.06,0.53
1,0.95,0.18
1,0.44,0.71
1,0.31,1.17
0,0.56,0.29
1,1.02,0.34
1,1.48,0.1
1,0.99,0.57
1,0.16,1.14
1,0.62,1.13
1,1.37,1.03
1,1.25,0.12
1,1.02,1.28
1,0.29,0.78
1,0.01,1.02
1,0.98,1.25
1,1.38,0.79
0,0.01,0.06
1,0.94,0.57
1,0.44,1.08
1,0.6,1.33
1,1.37,0.2
1,1.44,1.03
1,1.11,0.89
1,0.83,0.06
1,0.08,0.94
1,0.03,1.32
1,1.22,0.5
1,1.28,0.0
1,1.22,1.34
1,0.65,1.36
1,0.45,1.32
0,0.11,0.48
1,0.7,0.97
1,0.45,1.33
1,1.42,0.79
1,0.33,1.02
1,1.16,0.05
1,1.45,0.09
1,0.45,0.94
1,1.47,0.36
1,0.65,0.72
1,0.44,0.79
1,1.02,0.19
1,0.49,0.57
0,0.2,0.62
0,0.21,0.61
0,0.17,0.66
1,1.43,1.2
0,0.37,0.29
0,0.36,0.08
1,1.48,0.35
1,0.88,1.08
0,0.36,0.25
1,0.55,1.1
1,0.06,1.44
1,0.12,0.69
1,0.76,0.47
1,0.79,0.91
1,1.01,0.12
1,0.69,0.19
1,1.42,0.94
1,0.94,1.13
1,0.16,1.49
1,0.55,0.52
1,0.37,0.79
1,1.39,0.18
1,1.33,1.1
1,0.48,1.5
1,0.6,1.03
0,0.46,0.36
1,0.94,0.35
1,0.61,1.21
1,0.82,1.11
0,0.25,0.03
1,1.24,0.14
1,0.9,1.16
1,0.86,0.3
1,0.97,0.13
1,0.79,0.93
1,1.01,0.02
1,0.79,0.93
1,0.84,1.01
1,1.22,0.92
1,0.86,1.47
1,0.76,0.74
1,1.38,1.32
1,0.5,0.58
1,0.59,0.87
1,1.39,1.16
0,0.24,0.25
1,0.01,1.09
1,0.67,0.47
1,1.2,0.66
1,1.14,1.15
1,0.98,0.66
1,1.1,0.54
1,0.0,0.8
1,0.64,0.53
0,0.03,0.2
0,0.01,0.12
1,0.78,0.35
1,1.31,1.44
0,0.03,0.25
1,1.39,0.78
1,0.51,0.65
1,0.5,1.45
1,0.22,0.96
1,0.11,0.98
0,0.18,0.43
1,0.84,0.16
1,0.87,0.77
0,0.57,0.33
1,0.18,0.71
1,1.5,1.47
1,0.09,1.14
1,0.7,0.28
1,0.79,0.03
1,1.07,0.7
1,1.1,1.17
1,1.29,0.43
1,0.19,1.16
1,0.37,0.72
1,1.2,0.08
1,0.86,1.36
1,0.09,1.43
0,0.18,0.27
1,1.17,0.89
0,0.41,0.52
0,0.08,0.56
0,0.32,0.41
1,1.44,0.41
1,1.38,0.01
1,0.95,0.39
1,0.86,0.83
1,0.24,1.15
1,0.99,1.02
1,0.86,0.26
1,1.3,0.41
1,0.55,1.04
1,1.07,1.47
0,0.17,0.07
1,0.73,0.71
1,0.06,1.3
0,0.48,0.29
1,0.12,1.16
0,0.1,0.56
1,0.78,0.62
1,1.19,0.93
1,1.11,1.23
1,1.31,0.57
1,0.3,0.8
0,0.26,0.48
0,0.15,0.31
0,0.07,0.43
1,0.28,0.98
1,0.95,0.3
1,0.48,0.57
1,1.23,1.11
1,1.4,0.07
1,0.82,0.9
1,0.67,0.26
1,0.1,1.27
0,0.19,0.44
0,0.13,0.3
1,0.61,0.38
1,1.0,0.55
1,1.45,0.52
1,0.0,0.98
1,0.75,0.07
1,0.37,0.99
0,0.36,0.07
1,0.57,0.94
1,0.99,0.24
1,1.19,0.56
1,1.34,0.32
1,1.0,1.44
1,1.28,1.33
1,0.3,1.11
1,1.23,0.57
0,0.45,0.14
1,1.33,0.09
1,1.44,0.0
0,0.52,0.41
1,0.87,1.26
1,0.54,1.18
1,0.67,1.34
1,1.42,0.47
1,0.78,1.31
0,0.09,0.59
1,0.43,1.02
0,0.65,0.22
1,1.08,0.92
1,0.82,0.2
1,0.32,0.98
0,0.13,0.03
1,1.21,1.15
0,0.16,0.16
1,0.6,1.31
0,0.15,0.26
1,1.19,0.57
1,0.59,0.84
1,0.29,1.19
1,1.45,0.35
1,0.9,1.43
1,0.31,1.15
1,1.13,1.31
1,0.65,1.29
0,0.18,0.07
1,0.99,1.49
1,0.47,0.54
1,1.17,0.83
1,1.31,1.1
1,1.38,0.5
1,1.3,0.02
1,0.67,1.27
1,0.65,1.43
1,1.31,0.25
1,0.75,1.38
1,1.37,0.18
1,1.25,1.05
0,0.54,0.3
1,1.35,0.22
1,1.27,1.03
1,0.93,1.31
0,0.23,0.1
1,1.31,1.1
1,0.96,1.44
1,0.68,1.0
1,0.62,0.7
1,0.68,0.42
0,0.31,0.61
1,0.69,1.38
0,0.34,0.11
1,0.66,0.81
1,0.73,1.19
0,0.42,0.21
0,0.35,0.03
1,0.56,1.35
1,0.99,0.4
1,0.83,1.2
1,0.55,0.88
1,0.21,1.14
1,1.45,0.69
0,0.09,0.35
1,1.2,0.29
1,1.26,1.09
1,1.37,0.62
1,1.49,0.16
0,0.16,0.35
1,1.36,1.13
0,0.11,0.61
1,0.09,1.03
0,0.18,0.41
1,0.93,0.25
0,0.08,0.47
1,0.89,1.09
1,0.5,1.05
1,1.03,0.98
1,0.74,1.02
0,0.4,0.23
0,0.4,0.16
1,1.29,0.14
1,1.47,0.3
0,0.53,0.45
1,1.16,0.42
1,0.89,0.99
1,0.9,1.45
1,0.9,1.31
1,0.24,1.31
1,0.68,0.65
0,0.41,0.05
1,0.25,1.17
0,0.31,0.38
1,1.22,0.24
0,0.55,0.09
0,0.35,0.35
1,1.3,0.61
0,0.07,0.31
1,1.45,0.74
1,1.25,0.42
1,1.0,0.11
1,1.14,0.68
1,0.83,1.34
1,0.24,0.84
1,1.39,0.66
1,1.23,0.53
1,0.46,0.59
1,1.47,0.88
1,1.32,0.7
0,0.45,0.07
1,0.86,0.08
1,0.46,0.55
1,1.32,1.2
1,0.71,0.08
1,1.16,0.07
1,0.92,0.64
1,0.75,0.08
1,1.18,1.13
0,0.21,0.28
1,1.43,0.46
1,0.3,1.01
1,0.07,0.83
1,1.29,1.46
1,0.4,0.78
1,0.23,1.41
1,0.6,1.25
1,1.34,0.21
1,0.57,0.72
1,1.5,1.23
1,0.75,1.26
1,0.52,1.45
0,0.25,0.09
0,0.32,0.09
1,1.23,0.54
1,1.23,1.18
1,0.72,1.11
1,0.85,0.08
1,0.04,0.89
1,0.55,1.34
1,1.0,1.33
1,0.15,0.83
1,1.15,1.35
1,0.9,0.34
1,1.26,0.26
0,0.04,0.21
0,0.06,0.58
1,0.76,0.3
1,1.48,0.29
1,1.17,0.96
1,1.26,0.52
0,0.6,0.02
0,0.03,0.44
1,1.28,0.62
1,1.22,1.23
1,0.74,1.23
0,0.09,0.34
1,1.5,1.25
1,0.99,0.0
1,0.41,1.44
0,0.04,0.55
1,0.82,0.32
1,0.51,1.34
1,0.07,1.18
0,0.53,0.11
1,0.61,0.73
1,0.75,0.45
1,0.83,0.69
0,0.03,0.41
0,0.29,0.34
1,0.98,0.76
0,0.16,0.37
1,1.37,0.19
1,0.54,1.41
1,1.02,1.37
1,0.15,1.2
1,0.36,0.67
1,0.68,0.89
0,0.17,0.2
1,0.53,1.05
1,1.06,0.21
1,0.39,1.38
0,0.21,0.42
1,1.46,0.48
1,0.55,1.42
1,1.44,0.27
1,1.11,0.44
1,1.23,1.15
1,1.41,0.22
0,0.64,0.27
1,1.33,1.17
1,1.32,1.35
1,1.07,0.35
1,1.41,1.34
1,1.1,0.01
1,1.21,1.22
1,0.58,0.71
1,0.7,0.99
1,0.8,0.98
1,1.34,0.57
1,0.83,0.15
1,1.07,0.55
0,0.43,0.12
1,1.42,0.54
1,1.48,0.16
1,1.28,0.0
1,1.26,0.63
1,0.86,0.34
1,0.55,0.49
1,0.69,0.28
1,0.03,1.17
1,0.32,0.73
1,1.11,0.75
1,1.31,1.12
1,0.67,0.43
1,0.52,0.48
1,0.63,1.37
1,0.36,1.12
1,1.06,0.18
0,0.17,0.16
1,0.64,0.3
0,0.38,0.21
1,0.58,0.8
1,0.92,1.42
1,0.96,0.47
1,1.25,0.64
0,0.54,0.18
0,0.09,0.06
1,0.94,0.84
0,0.33,0.24
1,1.37,0.73
1,0.45,0.88
1,1.12,0.21
1,0.9,1.29
1,1.05,1.13
1,1.41,1.22
1,1.5,0.71
1,1.3,0.27
1,0.28,1.26
1,1.28,0.16
1,0.89,0.33
1,1.39,0.02
1,0.21,0.88
1,0.06,1.13
1,1.26,0.42
1,1.48,0.37
1,1.39,1.21
1,1.45,1.27
1,0.2,1.16
1,0.75,0.51
1,0.64,0.53
1,0.16,0.86
0,0.19,0.21
1,1.12,1.05
1,1.3,0.73
0,0.39,0.09
1,0.56,0.91
1,1.31,1.14
1,0.53,1.32
1,0.72,0.81
1,0.2,1.12
1,0.95,1.25
1,0.82,0.09
0,0.31,0.4
1,0.63,1.05
1,0.84,1.38
1,0.52,1.05
1,0.75,1.09
1,0.35,1.25
0,0.29,0.39
1,1.47,0.26
1,1.04,1.15
1,0.62,1.24
1,1.3,0.36
1,1.36,0.89
1,0.63,1.25
1,0.63,1.26
1,1.35,1.0
1,1.0,0.56
1,1.0,1.28
1,0.03,1.26
1,1.01,0.96
1,1.43,1.0
1,0.69,0.78
0,0.01,0.5
1,1.29,0.73
1,0.16,1.45
1,0.61,1.26
0,0.04,0.35
1,1.09,0.87
1,0.38,1.22
1,1.01,0.12
1,0.91,0.45
1,1.39,1.38
1,0.86,1.42
1,0.4,1.48
1,0.33,0.71
0,0.07,0.62
1,0.74,0.16
1,0.79,1.4
1,0.41,1.45
1,0.13,1.14
1,0.84,0.03
1,0.98,0.72
1,1.46,0.73
0,0.05,0.08
1,0.75,0.89
1,1.01,0.67
1,1.21,0.88
0,0.41,0.29
1,1.33,1.13
1,0.66,1.05
1,1.49,0.78
1,0.46,1.39
1,0.18,0.73
1,1.01,1.3
1,0.55,0.5
1,0.87,0.74
1,1.17,0.87
1,1.03,1.11
1,0.95,0.56
1,1.26,0.21
1,1.34,1.14
1,0.75,0.13
1,1.18,1.48
1,1.04,1.2
0,0.09,0.47
1,1.27,0.03
1,1.06,0.38
1,1.02,0.46
1,1.3,0.5
0,0.04,0.08
1,1.49,0.79
0,0.54,0.36
1,0.15,0.83
1,1.49,1.45
1,0.11,1.45
1,0.76,0.66
1,0.92,0.23
1,1.24,0.3
1,1.32,0.23
0,0.4,0.05
0,0.54,0.25
1,0.9,0.3
0,0.65,0.1
1,1.44,0.46
1,0.18,0.72
1,1.49,0.84
1,1.1,0.23
1,0.5,0.5
1,1.39,0.4
0,0.1,0.18
1,0.71,0.36
1,1.28,0.04
1,0.82,0.52
1,0.04,1.14
0,0.4,0.23
0,0.33,0.53
1,1.45,0.68
1,1.21,0.16
1,0.77,0.93
1,1.04,0.71
0,0.62,0.27
1,0.86,0.34
1,0.99,1.24
1,0.9,0.69
1,0.52,1.44
1,0.53,0.76
1,0.21,0.73
1,0.07,1.4
1,0.97,1.23
1,0.67,0.57
1,1.4,1.44
1,0.19,1.37
0,0.05,0.14
1,1.17,0.95
1,1.19,1.24
1,1.12,0.02
1,0.14,1.14
1,1.15,0.97
1,0.26,0.84
0,0.31,0.35
1,0.73,0.07
1,1.21,1.17
1,0.89,1.25
1,0.2,0.87
1,1.46,1.19
1,0.59,1.5
1,0.9,0.89
0,0.3,0.36
1,1.32,0.18
1,1.08,1.38
0,0.19,0.04
1,0.72,1.27
1,1.35,0.15
1,1.03,0.74
1,1.12,0.61
1,0.19,0.81
1,0.49,1.44
1,0.76,0.55
1,0.78,0.04
1,1.17,0.01
1,0.24,1.27
0,0.55,0.27
0,0.66,0.01
1,0.66,1.17
1,0.8,0.49
1,0.83,0.48
1,0.16,0.71
1,1.28,0.47
1,1.07,1.41
1,0.0,0.83
1,1.28,0.19
1,0.6,0.86
1,0.96,1.25
1,1.13,1.35
1,0.1,1.19
1,0.98,0.86
0,0.33,0.16
1,0.21,1.11
1,0.6,0.92
1,1.44,0.41
1,1.0,0.29
1,1.34,0.11
1,0.55,1.37
1,0.19,1.0
1,0.73,1.05
1,1.19,1.47
0,0.05,0.41
0,0.25,0.45
1,0.99,0.96
1,0.83,0.33
1,0.93,0.12
1,1.22,1.4
0,0.67,0.19
1,1.43,0.28
1,1.15,0.51
1,0.55,0.79
1,0.97,0.32
1,0.71,0.35
1,1.36,0.86
0,0.61,0.29
1,0.96,1.08
1,1.37,0.56
1,1.22,0.96
1,0.69,1.02
1,0.57,1.32
1,0.24,1.18
1,0.02,1.06
1,1.36,0.55
1,1.15,1.19
0,0.52,0.41
1,1.14,0.76
1,1.49,0.6
1,1.2,1.27
1,1.15,1.2
1,0.99,0.74
0,0.53,0.32
1,0.81,0.01
1,0.79,0.64
1,0.63,0.78
1,1.16,0.51
1,0.25,1.19
1,0.63,0.45
1,0.84,1.08
1,0.78,0.4
1,0.2,0.73
1,1.35,1.31
1,0.98,0.63
1,1.25,0.11
1,0.19,1.32
1,0.79,1.19
1,1.48,1.11
1,0.79,0.13
0,0.42,0.3
1,0.59,0.92
1,0.77,0.07
1,0.71,0.05
0,0.6,0.18
1,1.12,0.56
1,0.68,1.27
1,1.1,1.12
0,0.55,0.19
1,1.15,1.5
0,0.65,0.1
1,0.88,1.44
1,1.08,0.43
0,0.58,0.34
1,0.47,0.85
1,1.07,0.8
1,1.02,0.07
1,0.41,1.36
1,1.31,1.13
1,0.38,1.04
1,1.27,0.78
1,0.07,1.21
1,1.32,0.39
0,0.03,0.22
1,1.49,0.51
1,0.14,0.95
1,0.91,0.98
1,0.83,1.08
0,0.1,0.11
1,1.03,1.03
1,0.87,1.21
0,0.21,0.46
1,0.9,1.48
1,0.92,0.15
1,0.86,0.26
1,0.12,0.83
0,0.31,0.55
1,0.87,1.22
1,1.39,0.41
1,0.57,0.49
1,1.41,1.11
1,1.49,1.17
1,0.79,0.51
1,0.73,1.31
1,0.33,1.38
1,0.7,1.29
1,1.3,0.33
1,0.57,0.71
1,0.76,0.63
1,1.48,1.06
0,0.41,0.38
1,0.85,0.21
1,1.1,0.84
1,1.29,0.49
1,0.76,0.65
0,0.54,0.15
0,0.07,0.69
1,1.3,1.15
1,1.05,0.32
1,1.41,0.47
1,0.77,0.88
1,0.55,1.18
1,1.14,0.31
1,1.46,1.12
1,0.87,1.07
1,0.64,0.84
1,0.81,0.17
1,0.81,1.24
0,0.26,0.11
1,0.77,1.21
1,1.03,0.11
0,0.52,0.37
1,0.15,0.8
1,1.35,1.06
0,0.34,0.07
0,0.37,0.48
1,1.38,0.05
1,1.0,0.71
1,0.21,1.42
0,0.09,0.61
0,0.42,0.33
1,1.21,0.05
1,0.84,0.8
1,1.03,1.04
1,0.32,0.91
1,0.96,0.68
1,1.45,0.2
0,0.04,0.49
1,1.24,0.71
1,1.28,0.82
0,0.62,0.23
1,1.12,0.74
1,1.34,0.2
1,0.37,1.41
1,0.94,0.12
0,0.59,0.18
1,1.26,0.12
1,1.12,0.54
1,1.36,1.18
0,0.08,0.16
1,0.62,1.31
1,1.47,0.6
1,1.03,1.46
1,0.45,0.8
1,0.1,1.14
1,0.77,0.78
1,0.48,1.17
1,1.14,0.46
1,1.27,1.43
1,0.81,1.45
0,0.61,0.01
1,1.08,1.01
1,1.35,1.29
1,1.36,0.66
1,0.42,0.59
1,0.42,0.61
1,0.66,1.16
1,0.34,1.35
1,0.34,0.87
1,1.37,0.26
0,0.3,0.49
0,0.24,0.26
1,1.16,0.16
0,0.59,0.16
1,1.01,1.28
1,0.37,1.04
1,0.33,1.2
0,0.52,0.31
1,0.24,0.78
1,1.23,1.2
1,0.7,0.5
1,0.74,1.16
1,0.98,1.06
1,1.24,1.41
1,0.61,0.86
1,0.88,0.24
1,0.84,0.14
1,1.42,0.05
1,0.52,0.97
1,1.02,0.93
0,0.51,0.39
1,0.35,1.3
1,0.84,0.92
1,0.27,1.43
1,1.19,1.15
1,0.08,1.29
1,1.44,0.41
1,0.81,0.16
1,0.97,0.2
1,0.95,0.26
0,0.21,0.09
0,0.31,0.15
1,1.1,0.28
1,0.07,0.82
1,0.83,0.35
0,0.31,0.29
1,1.43,0.03
1,0.74,1.11
1,0.95,0.41
1,0.54,0.99
1,0.58,1.39
1,0.83,1.19
1,1.03,0.36
1,0.43,0.88
0,0.33,0.23
1,1.0,0.18
1,0.41,1.48
1,0.55,1.27
1,1.46,0.01
1,0.42,0.82
0,0.03,0.64
1,1.38,1.21
0,0.53,0.09
1,1.39,1.43
1,0.8,1.08
1,0.91,0.3
1,1.5,0.35
1,1.43,0.93
1,0.23,1.38
0,0.08,0.68
1,0.61,0.42
1,1.09,0.73
1,0.58,1.31
1,0.16,1.19
1,0.14,0.97
1,1.39,1.03
1,1.27,0.54
1,0.78,0.44
1,0.75,0.03
1,1.09,0.4
1,0.21,0.72
1,0.44,0.94
1,1.07,1.41
1,0.9,0.89
1,1.41,0.63
1,0.22,0.85
1,0.38,0.8
1,1.1,1.5
0,0.0,0.38
1,1.42,0.22
0,0.55,0.29
0,0.43,0.17
1,0.68,0.41
1,1.19,0.3
1,1.37,1.19
1,0.66,0.82
1,0.14,0.71
0,0.06,0.45
1,1.44,1.14
0,0.37,0.57
1,1.05,0.92
1,1.17,0.4
1,1.26,0.15
1,0.65,0.57
1,0.34,0.85
1,1.07,0.53
1,0.49,1.41
1,1.33,0.61
1,0.32,1.41
1,0.21,1.1
1,0.8,1.14
1,0.28,0.66
1,0.76,0.66
1,1.34,1.48
1,0.58,0.68
1,0.75,0.22
1,0.71,0.4
1,0.31,1.02
1,1.32,1.19
1,0.88,1.5
1,1.46,1.14
1,0.19,1.19
1,1.19,0.47
1,0.24,0.71
1,0.39,0.91
1,1.46,0.22
1,1.35,1.0
1,0.38,0.95
0,0.49,0.4
1,1.01,0.61
1,0.33,0.91
1,0.8,0.97
1,1.18,0.6
0,0.41,0.02
1,0.02,1.32
1,0.98,1.1
1,1.02,1.12
1,1.06,0.0
1,1.37,1.26
1,0.91,0.2
1,1.2,1.14
1,1.22,0.71
1,0.4,0.81
1,0.67,1.22
0,0.08,0.69
1,1.13,1.31
1,1.04,0.87
1,1.44,0.99
1,1.28,0.18
1,1.14,1.25
1,0.12,1.1
1,0.16,0.82
1,0.63,0.69
1,0.15,1.42
0,0.27,0.36
1,1.45,0.0
1,1.33,0.1
1,1.17,0.11
1,0.45,1.3
1,0.34,1.42
1,0.52,0.6
1,0.95,0.02
1,0.74,0.36
1,0.63,1.3
1,1.07,1.4
1,1.32,0.87
0,0.38,0.06
1,0.23,0.84
1,1.07,0.57
0,0.4,0.16
1,1.06,1.26
0,0.33,0.59
1,0.63,0.87
0,0.24,0.43
1,0.58,1.32
0,0.39,0.16
1,0.65,0.66
1,1.06,1.18
1,1.01,0.47
1,1.07,0.46
1,0.75,0.09
0,0.64,0.11
0,0.03,0.09
1,0.66,1.26
1,1.11,0.77
1,1.15,0.45
1,0.48,1.11
1,0.08,0.78
0,0.33,0.6
1,1.28,0.08
1,0.44,1.44
1,0.96,1.1
0,0.69,0.05
1,1.06,1.06
1,0.5,1.17
1,1.45,0.66
1,1.42,0.62
1,1.03,0.16
1,0.83,1.2
1,0.71,1.28
1,0.96,0.01
1,1.45,0.98
1,0.85,0.55
0,0.3,0.02
1,1.39,0.25
1,0.9,1.13
0,0.46,0.02
1,0.72,0.52
1,1.31,0.18
1,0.38,0.71
1,1.46,0.63
1,1.34,1.35
1,1.31,0.18
1,1.33,0.05
1,0.69,0.14
1,1.24,0.84
1,1.11,1.29
1,0.79,0.59
1,1.37,1.44
1,1.37,1.44
1,1.02,1.3
1,0.24,0.88
1,1.06,0.23
1,1.27,1.18
0,0.16,0.03
1,0.01,1.24
1,1.31,0.06
1,0.51,0.79
1,1.21,1.42
1,0.74,1.03
1,0.4,1.01
1,0.78,1.02
1,0.57,0.98
1,0.92,0.49
1,1.1,0.92
1,0.86,1.04
1,1.02,0.88
1,1.2,0.44
1,0.76,0.78
0,0.16,0.29
1,0.9,0.33
0,0.17,0.24
1,0.25,1.22
1,1.16,0.28
1,1.36,0.38
1,0.65,0.58
1,0.27,1.49
1,1.42,0.03
1,1.0,1.11
1,0.13,1.16
1,0.88,0.48
1,1.06,0.59
0,0.14,0.26
0,0.58,0.25
0,0.38,0.35
1,0.63,1.04
1,1.15,0.64
1,0.6,1.04
0,0.53,0.16
1,0.21,0.98
1,0.92,0.64
1,0.88,1.0
1,0.9,1.28
1,0.54,0.76
1,1.37,0.61
1,0.7,1.37
1,0.54,0.52
1,0.5,0.62
1,1.38,1.41
1,1.08,0.56
0,0.37,0.2
1,1.3,0.96
1,1.16,0.42
1,0.73,1.42
1,0.92,0.03
1,0.1,1.15
0,0.34,0.52
1,0.21,0.67
1,0.91,1.2
1,1.37,1.25
1,0.54,1.24
1,1.26,0.32
1,0.61,0.88
1,0.62,1.39
1,0.82,1.07
1,0.72,0.05
0,0.03,0.06
1,0.96,0.78
0,0.03,0.46
1,1.09,1.08
1,0.01,1.33
1,0.05,0.83
1,1.14,0.88
1,0.28,1.29
1,0.66,1.28
1,0.05,0.82
1,0.97,0.88
1,0.52,1.11
1,0.53,1.35
1,1.1,1.09
0,0.5,0.11
1,0.91,1.19
1,0.08,1.05
1,0.63,0.47
1,0.9,0.9
1,0.84,0.92
1,0.8,0.62
1,0.2,1.23
1,0.51,0.48
0,0.26,0.33
1,0.29,0.89
1,0.01,1.2
1,0.66,1.34
1,0.3,0.98
1,0.93,1.0
1,0.74,0.17
0,0.18,0.61
1,0.17,0.68
1,0.41,0.67
1,0.01,1.4
0,0.11,0.18
0,0.29,0.54
1,0.24,1.08
1,1.08,0.21
1,0.98,0.54
1,0.79,0.85
1,0.05,1.08
0,0.65,0.08
1,0.1,0.99
1,1.34,0.78
1,1.34,1.44
1,1.15,0.33
1,1.11,1.13
1,1.0,1.33
0,0.11,0.5
1,0.09,1.04
1,0.49,1.47
1,0.84,1.27
0,0.17,0.11
1,0.89,1.46
1,1.06,1.42
1,1.44,1.17
1,0.31,1.16
1,1.06,0.03
1,0.53,1.16
1,0.87,1.04
1,1.47,0.93
1,0.16,0.75
1,1.35,0.35
1,0.07,1.48
1,0.03,0.99
1,0.91,1.45
1,1.41,0.31
1,0.87,1.35
1,0.98,0.73
0,0.09,0.09
1,0.43,0.63
1,0.83,1.25
1,1.31,0.09
1,0.69,1.21
1,0.76,0.29
1,0.95,0.48
0,0.11,0.69
1,0.71,1.47
1,1.29,1.0
1,1.49,0.97
1,0.56,0.48
1,0.85,0.05
1,0.93,0.6
1,0.2,1.26
1,1.02,0.22
1,1.29,0.5
1,1.21,1.45
1,1.46,0.77
1,0.57,1.04
0,0.11,0.64
1,1.41,0.36
1,1.48,0.82
0,0.26,0.53
1,0.25,1.3
1,0.36,0.97
1,0.5,1.33
0,0.15,0.21
1,1.39,1.15
1,0.02,1.49
1,0.8,0.57
0,0.25,0.09
0,0.42,0.4
1,1.2,0.8
1,0.85,1.0
1,0.95,0.03
1,0.77,0.92
1,0.26,1.46
0,0.25,0.57
0,0.05,0.15
1,0.91,0.53
1,1.48,0.42
1,0.98,0.22
1,0.14,0.95
1,0.67,0.59
1,0.57,1.11
1,0.42,1.33
1,0.18,1.34
1,0.27,1.15
1,1.39,0.06
1,0.71,0.75
1,0.61,0.92
1,0.56,1.08
1,0.6,0.71
1,1.32,1.08
1,1.42,1.15
1,0.88,1.4
0,0.4,0.38
1,1.22,1.27
1,0.18,1.02
1,0.07,1.19
1,0.82,0.3
1,0.68,0.65
1,1.01,0.08
1,1.24,0.98
1,1.49,1.06
0,0.4,0.37
1,1.43,1.37
1,1.03,1.42
0,0.23,0.6
1,1.01,1.42
1,1.15,1.18
1,0.03,1.47
1,0.24,0.88
1,0.96,0.88
0,0.08,0.07
1,0.68,0.96
1,0.24,1.45
1,0.95,0.8
1,1.4,1.38
1,0.69,0.52
1,0.77,0.43
1,0.98,0.15
1,0.25,0.86
1,0.44,1.3
1,0.9,0.24
1,1.31,0.82
1,1.1,1.07
1,0.74,1.47
1,0.26,1.0
1,0.7,1.15
1,0.32,1.33
1,0.92,1.42
0,0.17,0.2
1,0.0,1.33
0,0.62,0.23
1,1.23,1.15
1,0.97,0.92
1,0.87,1.12
1,1.27,0.41
1,0.64,1.33
1,0.8,0.54
1,0.96,1.08
0,0.22,0.63
1,0.91,0.75
1,1.44,0.6
1,1.48,0.45
1,0.72,1.45
1,0.77,1.32
1,1.03,1.33
1,0.11,1.29
1,0.94,0.62
1,1.24,1.14
1,1.09,0.45
1,0.64,1.15
1,0.74,1.48
0,0.02,0.1
0,0.55,0.29
1,0.68,0.82
1,1.23,0.01
1,0.86,0.54
1,1.26,1.13
0,0.27,0.12
1,1.05,0.04
1,0.84,1.07
1,1.26,1.08
1,0.45,1.46
1,1.37,0.22
1,1.49,1.0
1,1.04,0.91
0,0.35,0.11
1,0.68,1.16
1,0.99,0.29
1,1.46,1.2
0,0.12,0.11
1,1.02,0.37
0,0.5,0.45
1,0.73,1.43
1,0.58,0.9
1,0.18,0.75
0,0.1,0.46
1,0.9,1.35
1,0.55,0.99
1,1.41,0.89
1,1.49,0.94
1,0.63,0.53
1,0.49,1.43
0,0.23,0.53
1,0.05,1.12
1,0.88,0.07
0,0.28,0.18
1,0.48,0.59
1,1.48,0.51
1,1.44,1.06
1,0.95,1.46
0,0.25,0.38
1,1.08,0.67
1,0.35,1.48
0,0.51,0.15
1,0.29,1.49
1,0.06,0.72
1,1.02,0.79
1,1.32,0.04
1,0.91,0.71
1,0.69,0.41
1,0.91,0.32
1,0.68,0.41
1,0.73,0.18
1,1.44,0.56
1,0.22,1.08
1,0.14,1.14
0,0.27,0.21
1,0.58,0.49
0,0.17,0.25
0,0.14,0.58
0,0.17,0.12
1,0.63,1.31
1,0.34,0.66
1,0.18,1.38
0,0.06,0.64
1,1.4,0.85
1,1.03,0.13
1,0.78,1.25
1,1.14,0.33
1,0.88,0.44
0,0.36,0.45
1,0.98,1.35
1,0.9,1.2
1,0.2,1.14
1,0.88,1.1
1,0.61,1.36
1,0.95,1.01
1,0.34,1.23
1,0.91,0.93
1,1.1,0.24
1,0.67,0.74
1,1.16,1.07
1,0.23,1.1
0,0.22,0.48
1,0.91,0.95
1,1.1,0.99
1,0.84,1.4
1,0.89,0.84
1,0.53,1.26
0,0.03,0.3
0,0.24,0.28
1,0.16,1.18
1,0.86,1.15
1,1.39,1.19
1,1.01,0.78
1,1.09,0.92
1,1.38,1.46
1,0.24,1.44
1,0.19,1.01
0,0.23,0.39
1,1.15,1.43
1,0.86,0.06
1,1.18,0.69
1,0.59,1.1
1,1.16,1.0
1,1.46,1.4
1,1.4,0.59
1,1.42,0.98
0,0.24,0.33
1,1.4,0.2
1,0.86,0.01
1,0.66,1.1
1,0.05,1.22
1,0.19,1.0
1,0.62,0.88
1,0.69,0.93
0,0.23,0.09
1,0.86,1.31
1,1.3,0.66
1,0.01,1.46
1,0.86,1.02
0,0.6,0.18
1,0.29,0.8
1,1.44,1.21
1,0.82,0.48
0,0.08,0.52
1,0.86,0.53
1,0.34,0.95
1,0.45,0.84
1,1.42,0.65
1,0.67,0.79
1,0.67,0.32
1,0.93,1.39
1,0.87,0.34
1,1.19,0.57
0,0.06,0.07
1,0.66,0.29
0,0.13,0.25
1,1.34,0.79
1,1.47,0.24
1,0.98,0.85
1,0.34,1.41
0,0.07,0.6
1,0.78,0.68
1,0.98,0.29
1,1.43,1.18
1,0.81,0.54
1,1.17,0.57
1,0.13,0.73
0,0.19,0.3
1,0.67,0.75
1,0.51,0.92
1,0.21,0.83
1,0.34,1.11
1,0.02,1.38
1,1.32,0.28
1,1.34,0.25
1,0.73,0.43
1,0.75,0.58
1,0.2,0.82
1,0.51,1.03
0,0.35,0.2
1,1.16,0.23
1,0.76,0.06
1,1.47,0.11
1,0.13,0.82
1,0.76,0.26
1,0.51,0.64
1,0.69,1.29
1,1.19,0.79
1,1.28,0.42
1,1.42,0.09
0,0.02,0.5
1,0.09,1.05
1,0.12,1.18
1,0.73,1.4
1,1.38,0.73
0,0.14,0.05
1,0.92,0.06
1,1.04,0.96
1,1.45,0.2
1,0.09,0.78
0,0.14,0.55
0,0.03,0.57
1,1.43,0.17
1,0.64,0.75
1,1.34,1.03
1,0.25,1.11
1,0.62,0.84
1,0.33,1.39
0,0.35,0.57
1,1.48,0.27
1,1.17,1.46
1,0.81,0.84
1,0.76,0.03
1,0.73,0.15
1,1.12,1.09
1,0.51,1.08
1,0.98,1.31
1,1.4,1.31
0,0.15,0.11
1,1.17,1.1
1,0.86,1.29
1,1.37,0.03
0,0.66,0.17
1,0.71,0.46
1,0.77,0.46
1,1.01,0.12
1,1.03,1.24
0,0.22,0.12
